rep,rhoA,dropA,negA,helloA,colgA,sameA,rhoB,dropB,negB,helloB,colgB
1,0.47,3.7,1.4,7.224,0.587,0,0.32,2.6,2,5.924,0.449
2,0.33,2.1,1.9,3.688,0.416,0,0.45,4.8,1.5,4.195,0.295
3,0.44,3.8,1.6,7.631,0.461,0,0.42,4.3,1.5,6.369,0.44
4,0.52,4.9,1.1,6.512,0.522,0,0.57,7.7,0.7,5.973,0.458
5,0.59,5.8,0.6,5.782,0.362,0,0.46,5.2,1.3,2.681,0.351
6,0.53,5.2,0.9,9.742,0.511,0,0.63,9.6,0.4,5.001,0.277
7,0.61,6.9,0.3,7.492,0.469,1,0.56,7.5,0.8,8.614,0.467
8,0.48,4.1,1.4,4.955,0.301,0,0.38,3.5,1.7,7.226,0.552
9,0.63,7,0.4,7.917,0.535,0,0.64,10.5,0.2,5.792,0.392
10,0.58,5.9,0.8,6.097,0.337,0,0.43,4.3,1.6,5.105,0.345
11,0.54,5.1,1.2,4.177,0.247,0,0.48,5.4,1.4,6.178,0.529
12,0.63,6.9,0.3,5.268,0.318,0,0.24,1.5,2.7,3.973,0.345
13,0.45,4.2,1.4,5.665,0.504,0,0.39,3.6,1.6,6.424,0.441
14,0.66,8.1,0.4,5.124,0.369,0,0.36,3.1,1.8,8.568,0.395
15,0.54,5.2,0.7,6.496,0.268,0,0.18,0.8,4.6,2.862,0.246
16,0.53,5.4,0.9,6.9,0.637,0,0.47,4.8,1.5,6.976,0.429
17,0.46,4.1,1.2,4.474,0.399,0,0.47,4.3,1.4,10.662,0.616
18,0.68,8.7,0.1,5.605,0.32,0,0.38,3.6,1.7,5.361,0.423
19,0.54,5.3,0.9,4.867,0.445,0,0.25,1.6,2.8,2.259,0.205
20,0.44,3.5,1.6,6.108,0.538,0,0.2,1,3.4,3.757,0.364
21,0.44,3.6,1.6,7.628,0.574,0,0.3,2.3,2.3,4.609,0.359
22,0.55,5.6,0.9,6.409,0.291,0,0.51,5.9,1,3.71,0.254
23,0.43,3.6,1.6,4.66,0.408,0,0.32,2.3,2,3.578,0.192
24,0.57,5.7,0.7,5.322,0.486,1,0.39,4,1.9,5.541,0.485
25,0.52,4.6,0.9,6.46,0.388,0,0.54,7.6,0.7,6.801,0.259
26,0.53,5,0.9,5.709,0.478,0,0.32,2.7,2,5.045,0.453
27,0.48,4.3,1.4,5.131,0.386,0,0.37,3.5,1.9,3.857,0.263
28,0.46,3.9,1.5,7.666,0.401,0,0.54,6.9,0.9,4.188,0.262
29,0.57,6.2,0.8,7.522,0.526,0,0.42,4.4,1.6,4.727,0.373
30,0.48,4.1,1.4,5.143,0.587,0,0.49,5.5,1.4,4.667,0.451
31,0.48,4.3,1.2,5.191,0.379,0,0.43,4.7,1.5,3.864,0.45
32,0.38,2.7,1.7,7.032,0.486,1,0.6,8.5,0.7,5.993,0.362
33,0.55,5.9,0.8,6.524,0.459,0,0.4,3.7,1.7,4.811,0.433
34,0.53,5.4,1,5.17,0.436,0,0.46,4.8,1.5,4.834,0.335
35,0.5,5,1.3,5.692,0.409,0,0.47,5.6,1.3,6.641,0.445
36,0.49,4.4,1,10.176,0.464,0,0.3,2,2.3,4.01,0.344
37,0.65,8.3,0.3,8.809,0.46,0,0.29,2.1,2.1,3.058,0.311
38,0.5,4.4,1.2,6.945,0.572,0,0.47,6.2,1.5,5.559,0.448
39,0.61,6.9,0.3,6.423,0.403,1,0.45,4.3,1.4,5.651,0.472
40,0.62,6.7,0.2,4.983,0.303,0,0.31,2.9,2.4,4.672,0.413
41,0.63,7.2,0.1,3.725,0.154,0,0.36,2.9,1.7,6.175,0.482
42,0.48,4.3,1.3,7.943,0.564,0,0.47,4.8,1.2,4.802,0.266
43,0.58,6.4,0.5,6.133,0.357,0,0.32,2.4,2,5.144,0.424
44,0.49,4.6,1.2,6.907,0.532,0,0.43,4.7,1.7,4.662,0.434
45,0.53,5.4,1.1,7.092,0.572,0,0.35,3.4,1.9,4.739,0.304
46,0.49,4.5,1.5,5.433,0.374,0,0.49,6,1.1,6.225,0.338
47,0.55,5.7,0.6,6.511,0.369,0,0.52,6.2,0.9,5.088,0.371
48,0.47,4.1,1.2,5.143,0.517,0,0.5,6.2,1,7.176,0.465
49,0.67,7.9,0.2,6.3,0.331,0,0.67,11.8,0,5.462,0.376
50,0.62,6.6,0.3,7.686,0.567,0,0.48,5.2,1.5,6.18,0.532
51,0.56,6.1,0.7,6.838,0.495,0,0.27,1.9,2.7,4.048,0.405
52,0.43,3.6,1.8,5.156,0.4,0,0.55,7,0.9,6.981,0.413
53,0.54,5.1,0.7,5.938,0.357,1,0.51,5.9,1.1,6.572,0.544
54,0.49,5.3,1.3,7.932,0.571,0,0.4,3.9,1.6,5.277,0.415
55,0.46,3.8,1.3,5.392,0.473,0,0.38,3.8,1.7,6.347,0.583
56,0.72,9.2,0,8.475,0.209,0,0.34,3,2,4.288,0.355
57,0.52,5.4,1,7.454,0.573,1,0.56,8,0.7,6.36,0.426
58,0.53,5.6,0.9,5.177,0.263,1,0.4,3.5,1.7,4.297,0.284
59,0.54,5.6,0.8,6.332,0.464,1,0.41,3.8,1.7,6.545,0.444
60,0.48,4.3,1.3,5.551,0.364,0,0.47,5.2,1.3,6.23,0.512
61,0.62,6.9,0.2,6.248,0.29,0,0.5,5.8,1.1,6.607,0.567
62,0.56,5.5,0.6,6.605,0.475,0,0.37,3.9,1.7,4.55,0.394
63,0.55,5.3,0.9,4.843,0.351,0,0.41,4.1,1.6,7.488,0.505
64,0.29,1.6,2.1,4.72,0.463,0,0.41,4.4,1.6,4.385,0.39
65,0.57,6.3,0.9,6.053,0.281,0,0.23,1.6,3,3.559,0.262
66,0.5,4.7,1.3,4.843,0.431,0,0.45,5.3,1.5,4.222,0.495
67,0.59,6.5,0.6,4.291,0.349,0,0.41,4.4,1.6,5.231,0.392
68,0.58,6.1,0.8,5.649,0.311,1,0.29,2,2.4,4.566,0.483
69,0.56,5.8,0.9,6.615,0.318,0,0.5,6.9,1.5,5.346,0.499
70,0.45,4.2,1.5,5.679,0.256,0,0.28,2,2.4,4.198,0.315
71,0.55,5.3,0.9,8.026,0.491,0,0.3,2.3,2.1,4.771,0.385
72,0.61,7.5,0.6,9.79,0.485,0,0.44,4.8,1.4,7.425,0.573
73,0.51,4.9,0.9,7.808,0.618,0,0.32,2.3,2,5.281,0.5
74,0.54,5.3,0.8,7.284,0.42,0,0.49,5.9,1.1,5.534,0.426
75,0.52,4.8,0.9,5.838,0.497,0,0.52,6.7,0.9,7.502,0.635
76,0.63,7.1,0.3,6.644,0.394,0,0.56,6.9,0.8,4.688,0.318
77,0.55,6.1,0.8,8.896,0.553,1,0.4,3.5,1.8,4.715,0.387
78,0.78,11.6,0,8.069,0.362,1,0.47,5.2,1.5,4.208,0.335
79,0.5,4.6,1,9.224,0.676,0,0.26,1.7,2.5,3.768,0.32
80,0.59,5.8,0.3,5.572,0.656,0,0.41,4.2,1.6,6.273,0.41
81,0.49,4.5,1.2,5.512,0.6,0,0.42,4.1,1.6,5.213,0.396
82,0.42,3.4,1.7,5.982,0.367,1,0.58,8.1,0.6,5.321,0.351
83,0.42,3.3,1.6,5.073,0.351,0,0.33,2.5,1.8,3.989,0.313
84,0.59,6.2,0.5,6.419,0.487,1,0.27,2,2.7,3.583,0.329
85,0.51,4.6,1,6.519,0.437,0,0.32,2.7,2.1,4.687,0.364
86,0.72,9.8,0,4.347,0.259,0,0.48,5,1.4,4.292,0.268
87,0.58,6.5,0.5,4.67,0.28,1,0.39,4,1.7,6.255,0.364
88,0.53,5.9,0.9,6.57,0.495,0,0.54,6.9,0.9,5.68,0.421
89,0.35,2.4,1.7,5.253,0.378,0,0.55,7.3,0.9,4.773,0.273
90,0.63,7.3,0.2,3.918,0.316,1,0.4,4.2,1.6,6.09,0.435
91,0.42,3.5,1.5,3.255,0.24,0,0.53,7.3,0.8,6.659,0.295
92,0.66,8.3,0.3,4.842,0.385,0,0.49,4.9,1.2,5.266,0.539
93,0.54,5.6,1.1,2.55,0.263,0,0.51,5.8,0.9,7.283,0.456
94,0.57,6,0.5,4.411,0.397,0,0.28,2,2.3,4.005,0.37
95,0.51,4.6,0.9,6.14,0.416,0,0.46,4.5,1.4,6.244,0.503
96,0.45,3.8,1.6,7.067,0.462,0,0.55,7.9,0.9,7.215,0.392
97,0.54,5.8,0.7,8.722,0.563,0,0.53,6.2,0.9,6.891,0.382
98,0.56,5.5,0.9,4.066,0.291,1,0.19,0.9,4,5.34,0.377
99,0.54,5.1,0.9,5.578,0.3,0,0.31,2.4,2.1,4.366,0.342
100,0.54,5.3,1.1,4.127,0.324,0,0.28,2,2.5,4.219,0.423
101,0.61,7.7,0.5,8.102,0.399,0,0.36,3.1,1.7,5.299,0.304
102,0.54,6.3,0.9,5.778,0.361,0,0.36,3,1.9,5.007,0.413
103,0.53,5.5,0.9,6.295,0.505,0,0.19,0.9,3.8,4.094,0.361
104,0.47,3.8,1.5,5.06,0.549,0,0.58,7,0.6,5.623,0.561
105,0.49,4.7,1.3,6.428,0.462,1,0.41,3.7,1.6,4.858,0.44
106,0.39,2.9,1.7,6.191,0.46,0,0.4,3.9,1.6,7.063,0.612
107,0.46,4.4,1.3,4.409,0.405,0,0.3,2,2.2,4.765,0.301
108,0.57,5.9,0.5,4.337,0.305,0,0.38,3.5,1.7,4.995,0.293
109,0.49,4.6,1.5,4.22,0.348,0,0.57,6.9,0.7,7.525,0.383
110,0.58,6,0.4,8.671,0.798,1,0.24,1.4,2.7,3.258,0.309
111,0.48,4.5,1.2,5.883,0.417,1,0.47,5,1.5,7.632,0.554
112,0.39,3,1.7,6.16,0.421,0,0.34,2.9,1.9,4.664,0.268
113,0.49,4.6,1.2,5.842,0.365,1,0.56,7.7,0.7,6.383,0.484
114,0.47,4.4,1.3,5.01,0.341,0,0.32,2.8,2,4.157,0.442
115,0.55,5.4,0.7,6.184,0.416,0,0.32,2.5,2.1,4.34,0.348
116,0.59,6,0.7,3.386,0.201,0,0.46,5.3,1.5,3.623,0.272
117,0.56,5.7,0.6,5.357,0.321,0,0.44,4.4,1.5,5.968,0.376
118,0.63,7.3,0.4,7.996,0.537,0,0.14,0.5,6.3,3.199,0.276
119,0.34,2.5,1.8,4.713,0.395,0,0.44,5.3,1.7,5.106,0.285
120,0.49,4.4,1.1,6.096,0.493,0,0.31,2.6,2.4,4.937,0.393
121,0.55,5.5,0.9,4.569,0.342,0,0.48,4.5,1.3,4.811,0.407
122,0.42,3.3,1.7,5.026,0.387,0,0.37,3.6,1.8,5.688,0.454
123,0.63,7.1,0.2,3.181,0.27,0,0.57,8.2,0.8,4.92,0.287
124,0.63,7,0.3,3.836,0.28,1,0.49,6,1.2,4.56,0.402
125,0.59,6.2,0.4,8.127,0.62,0,0.53,5.5,0.9,8.195,0.375
126,0.65,7.6,0.5,8.335,0.462,0,0.46,4.6,1.7,5.892,0.507
127,0.5,4.9,1.3,5.486,0.392,0,0.4,4,1.7,4.592,0.386
128,0.51,4.7,1,5.386,0.426,0,0.37,3,1.9,5.483,0.407
129,0.52,5,1,4.493,0.358,0,0.23,1.3,3,4.291,0.345
130,0.66,7.9,0,6.236,0.331,0,0.4,3.7,1.8,4.583,0.345
131,0.57,5.6,0.8,4.05,0.352,0,0.35,3.2,1.8,6.036,0.549
132,0.33,2.2,1.9,5.329,0.447,0,0.29,2,2.4,4.091,0.394
133,0.72,10.4,0.1,3.775,0.346,0,0.38,3.5,1.7,5.525,0.498
134,0.53,5.2,1,6.36,0.342,0,0.22,1.2,3.2,3.98,0.477
135,0.6,6.5,0.6,4.755,0.411,0,0.4,3.6,1.6,5.158,0.514
136,0.58,5.9,0.8,5.309,0.253,1,0.4,3.9,1.5,5.335,0.374
137,0.57,6.3,0.7,5.215,0.477,1,0.49,5.8,1.3,5.533,0.446
138,0.51,5.4,1,6.576,0.428,0,0.31,2.3,2,4.937,0.481
139,0.35,2.5,1.9,5.633,0.393,0,0.32,2.5,2,4.522,0.298
140,0.62,7.1,0.3,3.8,0.221,0,0.67,10.1,0.2,10.504,0.51
141,0.45,3.8,1.5,5.795,0.429,0,0.33,2.8,2,4.301,0.456
142,0.54,5.4,0.9,7.169,0.414,1,0.41,4,1.7,5.954,0.474
143,0.63,7.6,0.4,2.631,0.288,1,0.52,6.8,1.3,6.236,0.389
144,0.49,4.4,1.3,6.698,0.64,0,0.34,2.9,1.9,4.818,0.37
145,0.55,6.4,0.9,7.132,0.603,0,0.46,5.5,1.3,4.064,0.379
146,0.67,8.1,0.3,6.202,0.22,0,0.44,4.2,1.6,6.027,0.455
147,0.64,7,0.2,9.762,0.35,0,0.46,4.7,1.5,6.922,0.452
148,0.6,6.4,0.7,6.492,0.45,0,0.36,3.1,1.8,4.511,0.346
149,0.54,5.7,1.3,4.15,0.324,1,0.41,4,1.7,4.846,0.286
150,0.68,9.2,0.3,5.641,0.348,0,0.48,5.3,1.1,3.523,0.274
151,0.52,5.1,1.2,7.412,0.517,0,0.39,4,1.7,4.924,0.413
152,0.49,4.4,1.5,5.102,0.349,0,0.47,4.8,1.4,5.752,0.398
153,0.3,2,2,5.102,0.407,0,0.22,1.2,3.3,4.99,0.349
154,0.43,3.7,1.7,5.264,0.558,0,0.15,0.6,5.8,3.126,0.275
155,0.55,5.9,0.9,5.675,0.356,0,0.51,6,1.2,5.911,0.47
156,0.49,4.1,1.3,5.694,0.374,0,0.3,2.3,2.2,3.365,0.284
157,0.44,3.6,1.6,6.634,0.351,0,0.28,2.1,2.3,3.751,0.385
158,0.52,4.8,0.9,4.062,0.279,1,0.49,7,1.1,6.633,0.437
159,0.57,5.5,0.5,7.388,0.579,0,0.48,4.9,1.1,5.605,0.477
160,0.55,5.8,0.6,7.11,0.479,0,0.42,4.6,1.5,5.379,0.498
161,0.58,5.9,0.6,6.707,0.454,0,0.29,1.8,2.3,3.935,0.307
162,0.41,3.2,1.6,6.681,0.521,1,0.53,7.3,1.1,7.63,0.531
163,0.47,4.1,1.5,5.135,0.55,0,0.35,3.4,1.9,4.548,0.259
164,0.6,6.8,0.4,5.093,0.427,0,0.25,1.5,3.4,4.88,0.299
165,0.45,3.9,1.4,4.973,0.325,0,0.53,7.5,0.9,9.023,0.588
166,0.48,4.3,1.7,8.851,0.52,0,0.35,3.7,1.9,6.551,0.554
167,0.5,4.5,1.3,4.816,0.27,0,0.55,6.2,0.5,4.465,0.364
168,0.54,5.3,0.5,7.535,0.403,0,0.37,2.9,1.7,5.197,0.399
169,0.47,4.1,1.4,6.239,0.445,0,0.5,5.7,1.1,6.889,0.496
170,0.44,3.8,1.4,7.131,0.32,0,0.32,2.8,2,6.71,0.512
171,0.44,3.7,1.5,4.255,0.435,0,0.47,5.5,1.3,6.907,0.467
172,0.5,4.6,1.2,5.234,0.282,0,0.53,6.8,1.1,9.052,0.779
173,0.47,4.2,1.6,7.387,0.567,0,0.34,2.8,2,6.64,0.352
174,0.51,4.7,1.1,7.042,0.418,1,0.5,5.5,1,5.636,0.352
175,0.53,5,1,5.642,0.321,0,0.51,6,1.1,7.625,0.359
176,0.48,4.3,1.1,4.403,0.461,0,0.21,1.1,3.4,3.615,0.328
177,0.6,6.3,0.3,9.849,0.415,0,0.24,1.4,2.8,4.358,0.361
178,0.54,4.9,1.1,5.865,0.399,0,0.56,6.4,0.6,4.701,0.473
179,0.58,6,0.6,6.774,0.281,1,0.37,3.2,1.7,6.504,0.618
180,0.67,7.5,0,6.36,0.373,0,0.29,2.2,2.1,4.465,0.394
181,0.56,5.9,0.7,9.295,0.57,0,0.42,4,1.6,6.057,0.377
182,0.51,4.7,1.1,5.195,0.446,0,0.57,7.6,0.7,6.494,0.374
183,0.47,4.2,1.5,5.576,0.312,1,0.23,1.3,3,3.1,0.27
184,0.43,3.7,1.5,6.375,0.523,0,0.41,3.7,1.7,5.236,0.452
185,0.39,3.3,1.8,6.172,0.724,0,0.38,3.7,1.8,4.672,0.389
186,0.46,3.9,1.5,5.905,0.418,0,0.39,3.3,1.7,6.079,0.522
187,0.44,3.8,1.5,7.109,0.501,0,0.48,5.5,1.3,6.325,0.386
188,0.4,2.9,1.7,5.428,0.505,0,0.52,6,1.1,7.242,0.751
189,0.61,6.9,0.2,4.634,0.439,0,0.26,1.6,2.7,4.31,0.359
190,0.6,6.5,0.2,7.408,0.419,0,0.44,4.6,1.5,5.027,0.285
191,0.55,5.4,0.8,6.785,0.543,0,0.58,6.6,0.4,4.547,0.306
192,0.6,6.6,0.3,4.881,0.315,0,0.2,1.1,3.4,4.023,0.367
193,0.5,4.6,1,7.321,0.456,0,0.37,3.3,1.8,5.773,0.52
194,0.56,5.6,0.5,3.293,0.366,1,0.37,3.8,1.9,4.876,0.311
195,0.62,6.6,0.3,5.291,0.17,0,0.31,2.4,2.1,4.553,0.349
196,0.48,4.7,1.3,7.111,0.511,1,0.34,3,2,6.153,0.429
197,0.56,5.6,0.7,8.336,0.443,0,0.45,4.4,1.4,9.796,0.434
198,0.52,5,0.9,3.128,0.397,0,0.3,2.4,2.5,6.446,0.378
199,0.6,6.4,0.5,5.847,0.391,1,0.45,4.8,1.4,8.256,0.497
200,0.66,7.6,0.3,6.355,0.323,1,0.41,3.5,1.7,4.799,0.423
