asin,brand_grouped_50,txn_count,has_img,has_text,chosen_img_url,asin_img_pc1,asin_text_pc1,asin_img_pc2,asin_text_pc2,asin_img_pc3,asin_text_pc3,asin_img_pc4,asin_text_pc4,asin_img_pc5,asin_text_pc5
B0000535K8,Sensodyne,1,1,1,https://m.media-amazon.com/images/I/71p5xNeDU9L.jpg;https://m.media-amazon.com/images/I/71Tcp0cOqmL.jpg;https://m.media-amazon.com/images/I/81K5JweOMhL.jpg;https://m.media-amazon.com/images/I/71a-GCJ6LPL.jpg;https://m.media-amazon.com/images/I/81VjBVebLTL.jpg;https://m.media-amazon.com/images/I/71VV5SsvZOL.jpg;https://m.media-amazon.com/images/I/716XwA3sr3L.jpg;https://m.media-amazon.com/images/I/71S6PKlMI+L.jpg;https://m.media-amazon.com/images/I/719HqQvjlWL.jpg,-8.069105,-6.4248247,5.884291,14.835564,-0.6198324,4.4783773,-0.60203004,-0.09251969,11.472979,-2.0228796
B0006PKIQA,Other,1,1,1,https://m.media-amazon.com/images/I/71WpeVuIURL.jpg;https://m.media-amazon.com/images/I/41rD7NZnJKL.jpg;https://m.media-amazon.com/images/I/318MvDrnUgL.jpg;https://m.media-amazon.com/images/I/61e961s0-ML.jpg;https://m.media-amazon.com/images/I/61Sog+9UzKL.jpg;https://m.media-amazon.com/images/I/81+R9xvN4dL.jpg;https://m.media-amazon.com/images/I/31ptus-i8iL.jpg,-0.6613757,-0.9063147,0.49848914,-0.07006029,4.4481573,4.089413,-0.8892642,-3.2656739,-0.95879894,7.7024455
B000FGDID0,JASON,1,1,1,https://m.media-amazon.com/images/I/618C9Tirs5L.jpg;https://m.media-amazon.com/images/I/71MUu9ND5gL.jpg;https://m.media-amazon.com/images/I/71Q4OXuMpoL.jpg;https://m.media-amazon.com/images/I/61IhDx2s1EL.jpg;https://m.media-amazon.com/images/I/61hdllul8YL.jpg;https://m.media-amazon.com/images/I/514CcEpXzXL.jpg;https://m.media-amazon.com/images/I/71ZtOWztHYL.jpg;https://m.media-amazon.com/images/I/41rqqliC6eL.jpg,-5.811851,10.1241665,1.1072775,-1.9157091,-3.6742103,3.8293529,0.7331029,-0.233499,0.76752234,-2.0070806
B000FGDIRQ,JASON,1,1,1,https://m.media-amazon.com/images/I/61UeiidAy+L.jpg;https://m.media-amazon.com/images/I/41cFXsy2-xL.jpg;https://m.media-amazon.com/images/I/41nX6J8y67L.jpg;https://m.media-amazon.com/images/I/71i5qo-W9LL.jpg;https://m.media-amazon.com/images/I/71MV0ihhVAL.jpg;https://m.media-amazon.com/images/I/719D9jYWqQL.jpg;https://m.media-amazon.com/images/I/31hIKVdV05L.jpg;https://m.media-amazon.com/images/I/41RH0QLOs3L.jpg;https://m.media-amazon.com/images/I/310ajq20M6L.jpg;https://m.media-amazon.com/images/I/41ELO6owuUL.jpg,-7.554147,3.613254,-3.9894311,0.29350522,-0.99566466,4.6510854,4.4220314,-4.3630085,1.2652566,-0.5351679
B000MGWIE8,Other,1,1,1,https://m.media-amazon.com/images/I/61DMzxcQ3tL.jpg;https://m.media-amazon.com/images/I/71l-w-S6ECL.jpg;https://m.media-amazon.com/images/I/61BV17C+B4L.jpg;https://m.media-amazon.com/images/I/711M6SUDsHL.jpg;https://m.media-amazon.com/images/I/713bP12KNoL.jpg;https://m.media-amazon.com/images/I/81390oYQIML.jpg;https://m.media-amazon.com/images/I/71U74vB4jvL.jpg;https://m.media-amazon.com/images/I/51SOamFIkHL.jpg,0.38739654,-0.69351697,0.13662736,3.1734009,-4.9793324,-0.5259961,3.213514,-3.561206,4.2318783,1.8062248
B000WSV82Y,Other,1,1,1,https://m.media-amazon.com/images/I/81tt5QXe2JL.jpg;https://m.media-amazon.com/images/I/61wXK4quBrL.jpg;https://m.media-amazon.com/images/I/61Syv0d6fXL.jpg;https://m.media-amazon.com/images/I/71nCtrGKmRL.jpg;https://m.media-amazon.com/images/I/71RIa4XjY8L.jpg;https://m.media-amazon.com/images/I/71synXqP-hL.jpg;https://m.media-amazon.com/images/I/61bm6nts5ZL.jpg;https://m.media-amazon.com/images/I/81fwQZQ9VFL.jpg;https://m.media-amazon.com/images/I/71OySkBEcBL.jpg,-9.78932,4.0742016,-3.7267852,-0.5190783,-2.0773935,4.052441,3.1576326,-1.3130169,-4.0522804,-4.8766727
B000YDYWNE,JASON,1,1,1,https://m.media-amazon.com/images/I/61ibFxT033L.jpg,-11.781956,0.61226505,-0.43251494,1.0302069,-2.1756027,2.3366644,3.2580342,-3.586094,-0.88639367,1.2411662
B0013HOU28,Orajel,1,1,1,https://m.media-amazon.com/images/I/714irR1Z3ZL.jpg;https://m.media-amazon.com/images/I/7150ZS+o84L.jpg;https://m.media-amazon.com/images/I/71zxr173wtL.jpg;https://m.media-amazon.com/images/I/71aea2vpEpL.jpg;https://m.media-amazon.com/images/I/614LLUIsYpL.jpg;https://m.media-amazon.com/images/I/51BOx2cFrIL.jpg;https://m.media-amazon.com/images/I/71KskJcOu-L.jpg;https://m.media-amazon.com/images/I/41kitlm-PaL.jpg;https://m.media-amazon.com/images/I/41Vq5Ldlv2L.jpg;https://m.media-amazon.com/images/I/31Bm8fQRMYL.jpg,2.1706645,12.482885,2.376977,-0.33311406,7.6608596,-2.129063,0.76064074,2.1624691,-5.9136915,8.2476
B0013TXFFY,Colgate,1,1,1,https://m.media-amazon.com/images/I/712MhY3kczL.jpg;https://m.media-amazon.com/images/I/71UhPUSMRlL.jpg,-2.823706,-0.31355998,4.706261,0.21977837,-2.0883462,-8.7248125,-2.3125079,3.256442,-1.6703004,5.525602
B0014CQA16,Colgate,1,1,1,https://m.media-amazon.com/images/I/81pTOabdUEL.jpg;https://m.media-amazon.com/images/I/71nZ-kmMt0L.jpg;https://m.media-amazon.com/images/I/81RtAuhdbLL.jpg;https://m.media-amazon.com/images/I/81ANADsINYL.jpg;https://m.media-amazon.com/images/I/71zAHpr1a6L.jpg;https://m.media-amazon.com/images/I/71RcV0Hl3rL.jpg;https://m.media-amazon.com/images/I/61m2AjqzFML.jpg;https://m.media-amazon.com/images/I/61hOOc++W1L.jpg;https://m.media-amazon.com/images/I/81vvFcMQ+rL.jpg,4.9968104,5.157189,2.2964318,-2.3165226,1.8775188,-8.77373,2.9916909,5.448925,-0.9340947,1.1065888
B00169Z2SY,Orajel,1,1,1,https://m.media-amazon.com/images/I/71JrPVjreML.jpg;https://m.media-amazon.com/images/I/71+E6ja+FWL.jpg;https://m.media-amazon.com/images/I/71ubV1BVX8L.jpg;https://m.media-amazon.com/images/I/71D5qejSC6L.jpg;https://m.media-amazon.com/images/I/71U5QSk1KVL.jpg;https://m.media-amazon.com/images/I/81pq9c73abL.jpg;https://m.media-amazon.com/images/I/71RFfGy52FL.jpg;https://m.media-amazon.com/images/I/81SAM0-kCnL.jpg;https://m.media-amazon.com/images/I/81QxPM+ZAzL.jpg;https://m.media-amazon.com/images/I/51Y6+4zA3jL.jpg,0.8080317,13.3014965,3.613664,-1.3500067,7.358972,-3.9254313,1.4124892,4.7494903,-5.5125875,8.494273
B0016GCZQO,APAGARD,1,1,1,https://m.media-amazon.com/images/I/71b-CXWo-tL._AC_SL1500_.jpg,-3.1534953,3.0079265,-7.1920857,1.8012885,1.7168082,3.4386542,4.6216025,-5.3930607,4.1255054,10.440949
B0016GCZSC,APAGARD,1,1,1,https://m.media-amazon.com/images/I/51Y3Ra-Dy3L._AC_SY879_.jpg,-9.887999,1.780353,-2.0622058,2.8807323,-4.219044,5.449945,6.847091,-5.754425,-0.23579939,12.901142
B0016GHKLO,APAGARD,1,1,1,https://m.media-amazon.com/images/I/51nwL8TitxL._SX425_.jpg,-12.147331,5.732911,-1.8029741,2.9363115,-3.0739894,6.2415724,6.8368964,-6.9088254,-0.32611057,5.7041574
B001G8Z3U2,Orajel,1,1,1,https://m.media-amazon.com/images/I/71NXP-7KakL.jpg;https://m.media-amazon.com/images/I/81H851KQMyL.jpg;https://m.media-amazon.com/images/I/61-L-PScTPL.jpg;https://m.media-amazon.com/images/I/61HXqFKYGVL.jpg;https://m.media-amazon.com/images/I/71fLWrVhY1L.jpg;https://m.media-amazon.com/images/I/71GXlfdiO3L.jpg,-4.1386695,10.477152,1.9551743,1.7346305,3.527441,-1.8487035,1.7305557,2.9363372,-8.881746,5.4435005
B002OTJT2A,Arm & Hammer,1,1,1,https://m.media-amazon.com/images/I/71faQLx8KXL.jpg;https://m.media-amazon.com/images/I/419OtumEs1L.jpg;https://m.media-amazon.com/images/I/41vyaul9bnL.jpg;https://m.media-amazon.com/images/I/81mF-ggfNVL.jpg;https://m.media-amazon.com/images/I/71-pJqQWEJL.jpg;https://m.media-amazon.com/images/I/71Ay0F67A9L.jpg;https://m.media-amazon.com/images/I/71mdc2MssIL.jpg;https://m.media-amazon.com/images/I/71AlytQhB7L.jpg;https://m.media-amazon.com/images/I/71SGmRWtgyL.jpg;https://m.media-amazon.com/images/I/81s+TmtQKtL.jpg;https://m.media-amazon.com/images/I/81sEJM+plSL.jpg;https://m.media-amazon.com/images/I/51WU6wqzb9L.jpg;https://m.media-amazon.com/images/I/51HVg-hZTdL.jpg;https://m.media-amazon.com/images/I/41-45LyDMBL.jpg;https://m.media-amazon.com/images/I/31s1csIFJKL.jpg;https://m.media-amazon.com/images/I/41PT+mLmL6L.jpg;https://m.media-amazon.com/images/I/41q-pZTqp7L.jpg;https://m.media-amazon.com/images/I/31Rg24r0s8L.jpg;https://m.media-amazon.com/images/I/312n0QN3wSL.jpg;https://m.media-amazon.com/images/I/417+tvj+OVL.jpg;https://m.media-amazon.com/images/I/310UbaCuJtL.jpg,1.1868881,0.25611436,5.7110047,-4.6627936,0.8024718,0.53909445,-5.135194,3.1419172,-0.91662157,5.817801
B0037LGIH8,Crest,1,1,1,https://m.media-amazon.com/images/I/81THCVzAQDL.jpg;https://m.media-amazon.com/images/I/81EQcDfWAwL.jpg,-2.8303394,-9.392901,-4.464064,-8.793049,1.9910377,6.309718,3.302244,2.6746135,0.2147024,1.769749
B003QYQYGG,Orajel,1,1,1,https://m.media-amazon.com/images/I/81eZfXy1DnL.jpg;https://m.media-amazon.com/images/I/41q4nKtYl2L.jpg;https://m.media-amazon.com/images/I/81frpv-eEtL.jpg;https://m.media-amazon.com/images/I/71Q6a+IuFpL.jpg;https://m.media-amazon.com/images/I/613VIP3DlXL.jpg;https://m.media-amazon.com/images/I/716PecpKXQL.jpg;https://m.media-amazon.com/images/I/71BTy+yLKDL.jpg;https://m.media-amazon.com/images/I/817cch0gi0L.jpg;https://m.media-amazon.com/images/I/71FpPqORrkL.jpg;https://m.media-amazon.com/images/I/51+O+P60DwL.jpg;https://m.media-amazon.com/images/I/51ZOSrb+MtL.jpg;https://m.media-amazon.com/images/I/51WbTp1j80L.jpg;https://m.media-amazon.com/images/I/51sJV7cAuiL.jpg;https://m.media-amazon.com/images/I/51nhlCOvOvL.jpg;https://m.media-amazon.com/images/I/51OnY5Ppc9L.jpg;https://m.media-amazon.com/images/I/41ADUDLopnL.jpg;https://m.media-amazon.com/images/I/41ikjqopjyL.jpg;https://m.media-amazon.com/images/I/41Dkv2ouLIL.jpg;https://m.media-amazon.com/images/I/31uRhtER0gL.jpg;https://m.media-amazon.com/images/I/41wg7c6EgFL.jpg,-0.25147417,12.657718,0.9340052,0.16984692,6.641808,-2.0735662,3.1987152,2.1951292,-5.337974,8.863742
B004N1ZWIM,Other,1,1,1,https://m.media-amazon.com/images/I/812iTp3qFcL.jpg;https://m.media-amazon.com/images/I/71DgS-DcReL.jpg;https://m.media-amazon.com/images/I/71YT1NxQ7rL.jpg;https://m.media-amazon.com/images/I/71KHpAyH51L.jpg;https://m.media-amazon.com/images/I/71D1pStF+QL.jpg;https://m.media-amazon.com/images/I/71dhHGbeUNL.jpg;https://m.media-amazon.com/images/I/71qdCmh9w4L.jpg,1.538685,-1.0162859,0.63184476,1.8586013,-1.8953769,-4.594123,-3.4527247,1.0669506,1.6161104,0.79966253
B004YDVX7I,Other,1,1,1,https://m.media-amazon.com/images/I/71QYs4+dxHL.jpg;https://m.media-amazon.com/images/I/71xlPlUKJEL.jpg;https://m.media-amazon.com/images/I/71LHtYJ7X5L.jpg;https://m.media-amazon.com/images/I/71QW6DasN6L.jpg;https://m.media-amazon.com/images/I/61ColuHxn6L.jpg;https://m.media-amazon.com/images/I/71BNSCFmMfL.jpg;https://m.media-amazon.com/images/I/71yA6aPzM3L.jpg;https://m.media-amazon.com/images/I/61wdkON6v-L.jpg;https://m.media-amazon.com/images/I/61zL6nRH6zL.jpg;https://m.media-amazon.com/images/I/41qAUCWsaqL.jpg;https://m.media-amazon.com/images/I/41BaXPOSF1L.jpg;https://m.media-amazon.com/images/I/1189d1372pL.jpg;https://m.media-amazon.com/images/I/21ciX6QchfL.jpg,3.7982314,1.9052379,2.070183,0.1881922,-4.5163574,-0.29421487,-7.080497,-0.09296135,0.7099214,8.759306
B0051B5IV4,Other,1,1,1,https://m.media-amazon.com/images/I/71dS7qHTr3L.jpg;https://m.media-amazon.com/images/I/31iYnJB7aaL.jpg;https://m.media-amazon.com/images/I/71n+M8gSgHL.jpg;https://m.media-amazon.com/images/I/71iYyTwIovL.jpg;https://m.media-amazon.com/images/I/71wvpPpAsYL.jpg;https://m.media-amazon.com/images/I/71RXaxvXHnL.jpg;https://m.media-amazon.com/images/I/615qr2DBMPS.jpg,-6.8412056,1.2034793,3.2737944,-1.6795782,-0.68667156,0.33749592,-2.5078897,-1.8357824,4.9846926,1.4090643
B005PLQIQ4,Crest,2,1,1,https://m.media-amazon.com/images/I/610n+-McuRL.jpg;https://m.media-amazon.com/images/I/61W-crRvkvL.jpg;https://m.media-amazon.com/images/I/6133Kczg-CL.jpg;https://m.media-amazon.com/images/I/61LJ7OK6mXL.jpg;https://m.media-amazon.com/images/I/61czJ0oqhaL.jpg;https://m.media-amazon.com/images/I/61-RkQ6i8IL.jpg;https://m.media-amazon.com/images/I/51bnbBZ59cL.jpg,9.235365,-9.397587,-1.0486591,-8.433803,-5.3219123,4.425311,0.60217655,2.8054166,-0.86021596,-1.642766
B008VPSTOA,Sensodyne,1,1,1,https://m.media-amazon.com/images/I/61H78nXNJdL.jpg;https://m.media-amazon.com/images/I/61H78nXNJdL.jpg,-0.73467165,-8.822058,7.1585593,12.47311,1.5508293,5.7497873,-1.701921,4.966307,13.634829,5.765061
B009088IN4,Other,1,1,1,https://m.media-amazon.com/images/I/81DOkPCVDAL.jpg;https://m.media-amazon.com/images/I/81nsu3VnamL.jpg;https://m.media-amazon.com/images/I/61nhAgIfAqL.jpg;https://m.media-amazon.com/images/I/71aUYkDwnEL.jpg;https://m.media-amazon.com/images/I/71rR+jtZ3kL.jpg;https://m.media-amazon.com/images/I/71GZ+Qn1XgL.jpg;https://m.media-amazon.com/images/I/71Vl63y7LLL.jpg,1.4965557,4.8455133,-1.508584,6.5717688,9.490624,0.8044764,2.368675,-3.1659539,-1.8638027,5.7028656
B00C7PZ20O,Arm & Hammer,1,1,1,https://m.media-amazon.com/images/I/713Z8g5hqkL.jpg;https://m.media-amazon.com/images/I/41EenEWDfBL.jpg;https://m.media-amazon.com/images/I/51hCTaMBnUL.jpg,9.076533,-0.928197,-2.5608332,-2.5227454,-2.8350446,-1.8491008,-0.9679649,-1.7415192,4.218639,1.5496244
B00DDZOPN2,Other,1,1,1,https://m.media-amazon.com/images/I/71ucNnfLVsL.jpg;https://m.media-amazon.com/images/I/81IHD+tTl9L.jpg;https://m.media-amazon.com/images/I/71YJm-YQNqL.jpg;https://m.media-amazon.com/images/I/71KhA6sB-HL.jpg;https://m.media-amazon.com/images/I/81G5NSP1IdL.jpg;https://m.media-amazon.com/images/I/81UfAuq7DzL.jpg,-11.527721,10.827217,-6.4718814,0.11985742,-2.8747191,1.64244,7.489017,-1.6837398,-1.6092865,9.251858
B00DPIUVOO,Other,1,1,1,https://m.media-amazon.com/images/I/71kArxw239L.jpg;https://m.media-amazon.com/images/I/81EMsYCGahL.jpg;https://m.media-amazon.com/images/I/71CBm8haJmL.jpg;https://m.media-amazon.com/images/I/81lMnMWCh9L.jpg;https://m.media-amazon.com/images/I/71MDwkhJ9PL.jpg;https://m.media-amazon.com/images/I/81oQD7YRMLL.jpg;https://m.media-amazon.com/images/I/81AfRyIXFPL.jpg;https://m.media-amazon.com/images/I/81pLTmqjPmL.jpg;https://m.media-amazon.com/images/I/71iolDSE+nL.jpg;https://m.media-amazon.com/images/I/31kqyO-Fx7L.jpg;https://m.media-amazon.com/images/I/31UCpVtewgL.jpg,0.16852464,5.791305,5.406243,3.3456378,5.138891,1.2567612,1.3661854,-3.028224,1.8968906,-1.2950052
B00EF39784,Sensodyne,1,0,1,,,-9.146658,,9.769974,,2.619455,,5.3973207,,-1.4468203
B00H88H4Q0,Sensodyne,1,1,1,https://m.media-amazon.com/images/I/71Pv7p2X20L.jpg;https://m.media-amazon.com/images/I/71+8B7xxY2L.jpg;https://m.media-amazon.com/images/I/81eWjfU63BL.jpg;https://m.media-amazon.com/images/I/81Iwu9z9r9L.jpg;https://m.media-amazon.com/images/I/814SQpVTTjL.jpg;https://m.media-amazon.com/images/I/81juuW4ma6L.jpg;https://m.media-amazon.com/images/I/815EtKLUizL.jpg;https://m.media-amazon.com/images/I/81Q0dHKhcdL.jpg;https://m.media-amazon.com/images/I/81whduTscQL.jpg;https://m.media-amazon.com/images/I/51FQbsXHSPL.jpg;https://m.media-amazon.com/images/I/51yzzMh+q3L.jpg;https://m.media-amazon.com/images/I/31q8LKAMXQL.jpg;https://m.media-amazon.com/images/I/31ycvfxkw8L.jpg,-0.7990797,-4.1842237,6.6903787,11.860536,1.0707426,3.1186273,-2.924437,5.8481607,12.883285,-6.2850075
B00I8YJZ4M,Tom's of Maine,1,1,1,https://m.media-amazon.com/images/I/71NlUuCHQgL.jpg;https://m.media-amazon.com/images/I/51OM9QrkPKL.jpg;https://m.media-amazon.com/images/I/81wvWoAwu7L.jpg;https://m.media-amazon.com/images/I/81WHsdtU-hL.jpg;https://m.media-amazon.com/images/I/81mbsikWsVL.jpg;https://m.media-amazon.com/images/I/81b3-mR27JL.jpg;https://m.media-amazon.com/images/I/81ngUvRiMiL.jpg;https://m.media-amazon.com/images/I/81o-17vKO6L.jpg;https://m.media-amazon.com/images/I/81jtiXA+c0L.jpg;https://m.media-amazon.com/images/I/710AwdiRASL.jpg,-2.9940784,10.156716,-14.777325,2.005483,9.786717,-3.2290857,-6.798236,-1.0215054,1.4095334,-9.532809
B00I98BAAE,Other,1,1,1,https://m.media-amazon.com/images/I/61FM785XlwL.jpg;https://m.media-amazon.com/images/I/61trPwVYlGL.jpg;https://m.media-amazon.com/images/I/51j6n0wHUNL.jpg;https://m.media-amazon.com/images/I/51g52QW3sCL.jpg;https://m.media-amazon.com/images/I/51yYTfJ+teL.jpg;https://m.media-amazon.com/images/I/51Rd7R06iHL.jpg;https://m.media-amazon.com/images/I/61O2KlFVMLL.jpg;https://m.media-amazon.com/images/I/319c9uPW1AL.jpg,-0.26861775,0.5368432,3.276277,2.27346,1.7867514,4.5331492,0.18918543,-3.6324117,-2.4892454,15.402148
B00IAH1A40,Colgate,1,1,1,https://m.media-amazon.com/images/I/710F+cbOuOL.jpg;https://m.media-amazon.com/images/I/71OfkIyFMmL.jpg;https://m.media-amazon.com/images/I/61Mfg86cMtL.jpg;https://m.media-amazon.com/images/I/81w-5ScykUL.jpg;https://m.media-amazon.com/images/I/61vfjiTX95L.jpg;https://m.media-amazon.com/images/I/716bC3DHJKL.jpg;https://m.media-amazon.com/images/I/71DS0XCOzAL.jpg;https://m.media-amazon.com/images/I/61OtiKqTtJL.jpg;https://m.media-amazon.com/images/I/51in7NcwGBL.jpg,7.254169,7.2909775,4.6603913,-1.9044234,6.288971,-9.412065,4.6606402,5.1849794,-2.6504085,6.6416893
B00ISUV79C,SENSODYNE PRONAMEL,1,1,1,https://m.media-amazon.com/images/I/71wxDNrjM-L.jpg;https://m.media-amazon.com/images/I/712FtS9KgyL.jpg;https://m.media-amazon.com/images/I/71hZkKbr4OL.jpg;https://m.media-amazon.com/images/I/71R+1jqv1FL.jpg;https://m.media-amazon.com/images/I/71atHyssVxL.jpg;https://m.media-amazon.com/images/I/71FZJNkcEeL.jpg;https://m.media-amazon.com/images/I/81e3awQU5KL.jpg;https://m.media-amazon.com/images/I/71S6PKlMI+L.jpg;https://m.media-amazon.com/images/I/615o12Q58xL.jpg;https://m.media-amazon.com/images/I/415NN3B16kL.jpg,-6.557891,-4.213782,6.618149,18.182652,-3.553251,4.9080815,-6.3072658,3.021691,-3.2613678,3.6714938
B00IUU15GA,Orajel,1,1,1,https://m.media-amazon.com/images/I/71GUJrdPL4L.jpg,-4.3773856,12.1724205,2.5472322,-4.04524,3.8104346,-3.6870737,3.008724,6.5910616,-8.14736,10.060133
B00J4YVQ6U,Colgate,1,1,1,https://m.media-amazon.com/images/I/71iDECujtdL.jpg;https://m.media-amazon.com/images/I/61VMvRCGWQL.jpg;https://m.media-amazon.com/images/I/61YabUwsSYL.jpg;https://m.media-amazon.com/images/I/41b3oQfMuDL.jpg;https://m.media-amazon.com/images/I/61Gujb8KtxL.jpg;https://m.media-amazon.com/images/I/71PSK2OVFPL.jpg,8.169705,-9.684867,6.4074287,-0.28162295,6.4961247,-9.723487,2.839721,1.9723867,-2.7862864,6.446891
B00JUJ140M,Tom's of Maine,1,0,1,,,6.5726476,,0.9809874,,-5.594536,,-0.123112105,,-12.048207
B00JUJ14VQ,Tom's of Maine,1,0,1,,,8.702071,,-1.1967993,,-4.422147,,6.038262,,-7.6620317
B00JUJ1BCS,Tom's of Maine,1,1,1,https://m.media-amazon.com/images/I/71zZfSOqeHL.jpg;https://m.media-amazon.com/images/I/41YD7BmbjvL.jpg;https://m.media-amazon.com/images/I/71OpOCNuXbL.jpg;https://m.media-amazon.com/images/I/71B9fUGk0sL.jpg;https://m.media-amazon.com/images/I/71JkUNv2gBL.jpg;https://m.media-amazon.com/images/I/71QbngntyGL.jpg;https://m.media-amazon.com/images/I/71odXIrimPL.jpg;https://m.media-amazon.com/images/I/71GuJTjKSfL.jpg,-7.645989,14.984362,-5.033087,-1.9286957,6.426608,-2.8885052,-3.1866794,5.139976,-1.9300929,-4.8099523
B00JUJ1BI2,Tom's of Maine,1,1,1,https://m.media-amazon.com/images/I/81Tkom8-kzL.jpg;https://m.media-amazon.com/images/I/51qtJ8TeHfL.jpg;https://m.media-amazon.com/images/I/51ebSWLZDnL.jpg;https://m.media-amazon.com/images/I/712xFmgM+-L.jpg;https://m.media-amazon.com/images/I/71juCfrfnRL.jpg;https://m.media-amazon.com/images/I/712C+TlcYyL.jpg;https://m.media-amazon.com/images/I/71mYal8Ig7L.jpg;https://m.media-amazon.com/images/I/715gX2tzKrL.jpg,-1.6405859,9.640272,-17.732138,2.2913096,9.994399,-4.3828793,-9.854131,0.17511983,4.0476627,-12.253771
B00JUJ1E0W,Tom's of Maine,1,1,1,https://m.media-amazon.com/images/I/71G6RRpVieL.jpg;https://m.media-amazon.com/images/I/81ngUvRiMiL.jpg;https://m.media-amazon.com/images/I/51ueKv6qnqL.jpg;https://m.media-amazon.com/images/I/81WHsdtU-hL.jpg;https://m.media-amazon.com/images/I/710AwdiRASL.jpg;https://m.media-amazon.com/images/I/71XUvPvpxJL.jpg;https://m.media-amazon.com/images/I/71rAkrf-PwL.jpg;https://m.media-amazon.com/images/I/81b3-mR27JL.jpg;https://m.media-amazon.com/images/I/81o-17vKO6L.jpg;https://m.media-amazon.com/images/I/71rkamw-z5L.jpg;https://m.media-amazon.com/images/I/51jItHUyO1L.jpg,4.262671,8.62339,-17.878094,1.4750763,4.144628,-4.830225,-9.467254,0.42801014,2.836355,-13.383263
B00JUJ1EFC,Tom's of Maine,1,1,1,https://m.media-amazon.com/images/I/81l8pPZhjOL.jpg;https://m.media-amazon.com/images/I/51FnCkvguRL.jpg;https://m.media-amazon.com/images/I/51hdisBQuFL.jpg;https://m.media-amazon.com/images/I/71MT2++pjKL.jpg;https://m.media-amazon.com/images/I/71qFuLiynzL.jpg;https://m.media-amazon.com/images/I/711CVKCpjaL.jpg;https://m.media-amazon.com/images/I/612i+THdtrL.jpg;https://m.media-amazon.com/images/I/71ZN0IM3ItL.jpg;https://m.media-amazon.com/images/I/715gX2tzKrL.jpg,-2.0249436,7.5738497,-17.048239,1.4218903,10.17212,-4.379285,-9.562968,-0.16971946,3.5382304,-14.648077
B00KS6X5OO,Other,1,1,1,https://m.media-amazon.com/images/I/710EkD5gBFL.jpg;https://m.media-amazon.com/images/I/71NteO75wCL.jpg;https://m.media-amazon.com/images/I/71Pqp3GEa2L.jpg;https://m.media-amazon.com/images/I/719chzN+-IL.jpg;https://m.media-amazon.com/images/I/71ei6xdwkZL.jpg;https://m.media-amazon.com/images/I/71qbxz2Ck9L.jpg;https://m.media-amazon.com/images/I/71vbtLX26IL.jpg;https://m.media-amazon.com/images/I/71x6TU6nZaL.jpg;https://m.media-amazon.com/images/I/711YMe5E-OL.jpg,0.7155457,1.5117042,5.315557,-1.0673441,0.32219228,-4.6414933,-1.9845521,5.4880157,-0.5592936,3.864243
B00MOZJX4S,Sensodyne,1,1,1,https://m.media-amazon.com/images/I/718i4ZjSDoL.jpg;https://m.media-amazon.com/images/I/81UC9aU-94L.jpg;https://m.media-amazon.com/images/I/81H9E-GypnL.jpg;https://m.media-amazon.com/images/I/81OgcS+isJL.jpg;https://m.media-amazon.com/images/I/810BonFYSzL.jpg;https://m.media-amazon.com/images/I/81+sEtA5y0L.jpg;https://m.media-amazon.com/images/I/71cFQ-xW+9L.jpg;https://m.media-amazon.com/images/I/712jQeSpxOL.jpg;https://m.media-amazon.com/images/I/712WqcIsZUL.jpg;https://m.media-amazon.com/images/I/51FQbsXHSPL.jpg;https://m.media-amazon.com/images/I/41Y2N8ht19L.jpg;https://m.media-amazon.com/images/I/41KQlkjZwNL.jpg;https://m.media-amazon.com/images/I/41ykZv2SyHL.jpg;https://m.media-amazon.com/images/I/41cM0TbpHCL.jpg,-10.229471,-3.7653797,5.0955067,16.294006,-1.110327,4.307193,-1.9318558,5.114129,13.941307,-0.9209808
B00NIAULVC,Other,1,1,1,https://m.media-amazon.com/images/I/61+j7s0ZTEL.jpg;https://m.media-amazon.com/images/I/61myl7W0vxL.jpg;https://m.media-amazon.com/images/I/61vKRObM1XL.jpg;https://m.media-amazon.com/images/I/61ManKreTYL.jpg;https://m.media-amazon.com/images/I/61CtxtJjhlL.jpg;https://m.media-amazon.com/images/I/51xpYgKGbKL.jpg,0.8411696,4.3599033,2.7429748,-0.000901228,1.8580035,3.3054428,3.0151968,-0.700871,2.5496318,4.193519
B00QJA4GB4,Other,2,1,1,https://m.media-amazon.com/images/I/51b+PBa73TL.jpg;https://m.media-amazon.com/images/I/31PG9ZKekVL.jpg;https://m.media-amazon.com/images/I/71KmkhD7cXL.jpg;https://m.media-amazon.com/images/I/61bWVsFbP8L.jpg;https://m.media-amazon.com/images/I/61Z7egEo-IL.jpg;https://m.media-amazon.com/images/I/61s1iTaD-WL.jpg;https://m.media-amazon.com/images/I/71e7HerP99L.jpg;https://m.media-amazon.com/images/I/71BGvPntaOL.jpg;https://m.media-amazon.com/images/I/61Q+EJaBF8L.jpg;https://m.media-amazon.com/images/I/71jLY2hXVyL.jpg,-13.970935,7.199628,-1.8272543,-0.024276178,-4.46204,-0.4089494,7.6244974,-1.3370233,-0.67002606,4.409224
B00T69D4WM,Tom's of Maine,1,1,1,https://m.media-amazon.com/images/I/81ml7RpZXCL.jpg;https://m.media-amazon.com/images/I/811As4MmEqL.jpg;https://m.media-amazon.com/images/I/81epbPuEzhL.jpg;https://m.media-amazon.com/images/I/91L-OkCgQAL.jpg;https://m.media-amazon.com/images/I/81R5D93PDVL.jpg;https://m.media-amazon.com/images/I/81bMUVzonHL.jpg;https://m.media-amazon.com/images/I/71U3JuWOr6L.jpg;https://m.media-amazon.com/images/I/71GuJTjKSfL.jpg,-1.9309075,14.076997,-8.902241,-3.0319939,11.495843,-3.5231678,-3.5695345,7.940378,-2.353794,-4.040041
B00USCCC5G,Other,1,1,1,https://m.media-amazon.com/images/I/71Y8Dfp91hL.jpg;https://m.media-amazon.com/images/I/91iGKUgBgNL.jpg;https://m.media-amazon.com/images/I/81BNKADO0QL.jpg;https://m.media-amazon.com/images/I/91ozLxcup-L.jpg,-8.336498,13.626892,-5.1728315,-4.4283094,3.214687,1.9752096,4.1135798,-0.68495154,-4.920794,2.1479385
B00WQ1BZU0,Other,1,1,1,https://m.media-amazon.com/images/I/617fImpOGsL.jpg;https://m.media-amazon.com/images/I/41RM-pBtmeL.jpg;https://m.media-amazon.com/images/I/512tBej9zCL.jpg;https://m.media-amazon.com/images/I/61lbIakgAyL.jpg;https://m.media-amazon.com/images/I/71id15oIgfL.jpg;https://m.media-amazon.com/images/I/61Thr8ujfPL.jpg;https://m.media-amazon.com/images/I/71slxDmEDOL.jpg;https://m.media-amazon.com/images/I/71rCVfJ2O-L.jpg;https://m.media-amazon.com/images/I/718WuPJGQ8L.jpg,-2.88768,4.9582295,6.427202,1.1471359,0.9818874,1.4912922,-2.1953428,-1.0639728,-1.6718245,8.49381
B012T95DI8,Other,1,1,1,https://m.media-amazon.com/images/I/61+4NO0b3QL.jpg;https://m.media-amazon.com/images/I/718WT92hYVL.jpg;https://m.media-amazon.com/images/I/71x08NzPQzL.jpg;https://m.media-amazon.com/images/I/31KaLGhYNRL.jpg;https://m.media-amazon.com/images/I/81yY6ML8cEL.jpg;https://m.media-amazon.com/images/I/71KDv48oCML.jpg;https://m.media-amazon.com/images/I/719txVqbi-L.jpg;https://m.media-amazon.com/images/I/71tH05dhUSL.jpg,-4.167123,6.4379306,-2.5324912,-1.1427227,4.6049843,-4.410918,3.943828,7.217641,-5.910056,6.4011297
B015LW1HL2,hello,1,0,1,,,6.3045864,,-3.2084093,,-2.3671558,,1.8516719,,2.9851406
B015ZRTHVA,Other,1,1,1,https://m.media-amazon.com/images/I/717S0hPUb8L.jpg;https://m.media-amazon.com/images/I/91ozLxcup-L.jpg;https://m.media-amazon.com/images/I/91ivlfY4-VL.jpg;https://m.media-amazon.com/images/I/81qnCYyt1HL.jpg,-6.0981593,12.378775,-5.6897426,-3.9481008,4.8212733,1.5873139,3.100799,0.16657174,-3.217325,1.2400137
B0195UTBKA,Colgate,1,1,1,https://m.media-amazon.com/images/I/612MXu5fFoL.jpg;https://m.media-amazon.com/images/I/71lABKnYVXL.jpg;https://m.media-amazon.com/images/I/71DRMhF6AVL.jpg;https://m.media-amazon.com/images/I/81KYODognRL.jpg;https://m.media-amazon.com/images/I/71b6rc-jYsL.jpg;https://m.media-amazon.com/images/I/811bfri5BsL.jpg;https://m.media-amazon.com/images/I/61HZYsed+vL.jpg;https://m.media-amazon.com/images/I/71Ib2+ArjqL.jpg;https://m.media-amazon.com/images/I/71IaDwZTgDL.jpg;https://m.media-amazon.com/images/I/41ZadChpODL.jpg;https://m.media-amazon.com/images/I/41Xkol-xgqL.jpg,8.474664,-3.260576,6.1576357,-1.5065559,6.0167427,-10.600065,4.8744264,2.894318,-1.3710126,3.7099867
B0195UTEXE,Colgate,1,1,1,https://m.media-amazon.com/images/I/61XHG9tOj8L.jpg;https://m.media-amazon.com/images/I/31D9D8GLrHL.jpg;https://m.media-amazon.com/images/I/31QIIJ33zBL.jpg;https://m.media-amazon.com/images/I/318KAxkZG8L.jpg;https://m.media-amazon.com/images/I/41cFgZD7ZjL.jpg;https://m.media-amazon.com/images/I/415MXy2fa5L.jpg;https://m.media-amazon.com/images/I/31uFRISXwUL.jpg,6.3270893,-6.4920325,3.5892854,-2.9130344,6.103897,-8.051323,3.0169652,-1.968327,0.08602804,-1.2957362
B019FGCLL0,Crest,1,1,1,https://m.media-amazon.com/images/I/61xtE55VWKL.jpg;https://m.media-amazon.com/images/I/61Hz3xaVoEL.jpg;https://m.media-amazon.com/images/I/41pJi5yjS8L.jpg;https://m.media-amazon.com/images/I/51tBRwvYL+L.jpg,-4.2941647,5.922829,-0.66611975,-10.653638,-1.3938603,5.922683,3.219838,8.503258,-5.5443726,7.615142
B019FGCM00,Crest,1,1,1,https://m.media-amazon.com/images/I/81Hb7slI1rL.jpg;https://m.media-amazon.com/images/I/51WWVNWTWKL.jpg;https://m.media-amazon.com/images/I/91f3jUD5QbL.jpg;https://m.media-amazon.com/images/I/91rICzHS4+L.jpg;https://m.media-amazon.com/images/I/31aSX1titlL.jpg;https://m.media-amazon.com/images/I/31zJjdmx4UL.jpg,13.250744,-10.32328,-8.3605385,-10.487223,-11.486345,3.5476453,0.52555853,2.9554079,1.9891526,-3.8953362
B019MEOV1S,Crest,1,0,1,,,-8.093933,,-9.508338,,9.053266,,-0.89657533,,2.707291
B01B4OB2FC,hello,1,1,1,https://m.media-amazon.com/images/I/714OzXG-jGL.jpg;https://m.media-amazon.com/images/I/71PaTsuqYrL.jpg;https://m.media-amazon.com/images/I/71Zojdl-gqL.jpg;https://m.media-amazon.com/images/I/81y6C+7g-dL.jpg;https://m.media-amazon.com/images/I/611jpQJpotL.jpg;https://m.media-amazon.com/images/I/71YHe1UHY0L.jpg;https://m.media-amazon.com/images/I/71NHrha3ccL.jpg;https://m.media-amazon.com/images/I/71zu+5uqvkL.jpg;https://m.media-amazon.com/images/I/712EzNSEptL.jpg,-7.2986603,14.044615,-4.9530363,0.6771493,2.7385716,-0.027870473,6.4436812,-2.821977,-2.938672,3.394296
B01BI9K02Y,Sensodyne,1,0,1,,,-6.4171195,,11.523881,,3.6745913,,-0.89148945,,-5.7940216
B01BNEUV9Q,Colgate,1,1,1,https://m.media-amazon.com/images/I/81nfz8v8fzL.jpg;https://m.media-amazon.com/images/I/71uhB2mpQhL.jpg;https://m.media-amazon.com/images/I/71HuqdA081L.jpg;https://m.media-amazon.com/images/I/71ZCcNTfL-L.jpg;https://m.media-amazon.com/images/I/81yg4sic0iL.jpg;https://m.media-amazon.com/images/I/71iswtjPlwL.jpg;https://m.media-amazon.com/images/I/71ifq35DruL.jpg;https://m.media-amazon.com/images/I/611RqABAC6L.jpg;https://m.media-amazon.com/images/I/71kIQAa3vEL.jpg,8.143589,-2.3572638,6.58042,-0.025902715,4.4047556,-8.691884,1.0134202,-3.0069883,0.66605544,0.22381319
B01BNEWDFQ,Colgate,2,1,1,https://m.media-amazon.com/images/I/81huxZKbm6L.jpg;https://m.media-amazon.com/images/I/41Xkol-xgqL.jpg;https://m.media-amazon.com/images/I/71lABKnYVXL.jpg;https://m.media-amazon.com/images/I/71DRMhF6AVL.jpg;https://m.media-amazon.com/images/I/81KYODognRL.jpg;https://m.media-amazon.com/images/I/71b6rc-jYsL.jpg;https://m.media-amazon.com/images/I/811bfri5BsL.jpg;https://m.media-amazon.com/images/I/71Ib2+ArjqL.jpg;https://m.media-amazon.com/images/I/71IaDwZTgDL.jpg;https://m.media-amazon.com/images/I/71ZwJKv3FUL.jpg;https://m.media-amazon.com/images/I/41+YkMR0RfL.jpg,7.4805293,1.1056982,3.7937841,0.9009897,2.5343924,-10.856849,2.7997575,2.3081553,-0.018200463,1.8127711
B01BNHREXE,Colgate,1,1,1,https://m.media-amazon.com/images/I/71vjF6hh1AL.jpg;https://m.media-amazon.com/images/I/41xzL7HSgZL.jpg;https://m.media-amazon.com/images/I/41lUxp7NJzL.jpg;https://m.media-amazon.com/images/I/71RxAaaKiEL.jpg;https://m.media-amazon.com/images/I/61NVZSfOMwL.jpg;https://m.media-amazon.com/images/I/71V8nfwpHTL.jpg,10.110922,-3.3044322,5.04694,-0.16872765,6.840932,-6.6138134,4.2166786,-5.2851644,-0.263971,1.2598064
B01BOFOLJK,Other,1,1,1,https://m.media-amazon.com/images/I/51h2DlYNBBL.jpg;https://m.media-amazon.com/images/I/61HFv5S2iUL.jpg;https://m.media-amazon.com/images/I/61C4lSyiELL.jpg;https://m.media-amazon.com/images/I/712yn5wq+1L.jpg,3.1411004,2.5000849,-1.3162905,-4.564063,0.6514921,0.54972404,0.5273523,3.930224,-1.7923522,-0.45716974
B01CWYES90,Other,1,1,1,https://m.media-amazon.com/images/I/71FbcvUJzeL.jpg;https://m.media-amazon.com/images/I/81vGB6wW5QL.jpg;https://m.media-amazon.com/images/I/71NlPo1hLYL.jpg;https://m.media-amazon.com/images/I/71TQ-N44UTL.jpg;https://m.media-amazon.com/images/I/71OrLQfCldL.jpg,-9.539728,0.94091666,-3.5634532,6.455138,1.2973334,-4.0939765,-0.76872563,1.3248882,-2.004067,-0.7826987
B01CWYEUWK,Other,2,1,1,https://m.media-amazon.com/images/I/81taymueFUL.jpg;https://m.media-amazon.com/images/I/71k4ENDUlRL.jpg;https://m.media-amazon.com/images/I/51NO8DwpltL.jpg;https://m.media-amazon.com/images/I/819NS0W7CXL.jpg;https://m.media-amazon.com/images/I/71I8r-8TFcL.jpg,-11.159212,-1.3813859,0.8057915,5.439265,-0.11317645,-4.439036,1.5055367,-2.4397871,-2.7137675,-1.7113427
B01FA7PEQ2,Other,1,1,1,https://m.media-amazon.com/images/I/71+Y5AUKChS.jpg;https://m.media-amazon.com/images/I/61-QmzQ2eSS.jpg;https://m.media-amazon.com/images/I/717WzwGV0VS.jpg;https://m.media-amazon.com/images/I/61QiRnastNS.jpg;https://m.media-amazon.com/images/I/819jKzcwhHS.jpg,-7.4274087,2.30339,2.1776183,-0.28172612,-0.9137761,1.028865,-0.90607154,2.1593268,-2.8565514,-2.8567755
B01J37CQQ6,Colgate,1,1,1,https://m.media-amazon.com/images/I/81WkkvghbhL.jpg;https://m.media-amazon.com/images/I/41czasxBtkL.jpg;https://m.media-amazon.com/images/I/41YUnSNvunL.jpg;https://m.media-amazon.com/images/I/41Bn1CeqlJL.jpg;https://m.media-amazon.com/images/I/718JWzzOmsL.jpg;https://m.media-amazon.com/images/I/31+txtUivAL.jpg;https://m.media-amazon.com/images/I/31kOYMaTY1L.jpg;https://m.media-amazon.com/images/I/214g1NDgUGL.jpg;https://m.media-amazon.com/images/I/41ovL8xXUlL.jpg,11.153901,-1.4351475,4.1097326,-1.5010914,5.5834827,-8.67072,4.517937,4.383608,-1.4796921,4.056698
B01KZOTRG8,Crest,2,1,1,https://m.media-amazon.com/images/I/71Yi9f78rmL.jpg;https://m.media-amazon.com/images/I/610JdYpQ5hL.jpg;https://m.media-amazon.com/images/I/513c5lLt70L.jpg;https://m.media-amazon.com/images/I/61lWWCUAsfL.jpg;https://m.media-amazon.com/images/I/6188EyPxl5L.jpg;https://m.media-amazon.com/images/I/61T6oozo0lL.jpg;https://m.media-amazon.com/images/I/61aFjpTj8CL.jpg;https://m.media-amazon.com/images/I/81+LUnoTYGL.jpg,4.99881,-9.346403,1.5738288,-10.112611,-7.4183464,3.933107,-0.87210613,3.148169,0.27642748,-1.3965652
B01KZOTTZW,Crest,1,1,1,https://m.media-amazon.com/images/I/81KuEgv5cNL.jpg;https://m.media-amazon.com/images/I/61TjAN2qK+L.jpg;https://m.media-amazon.com/images/I/81HG5WCUl5L.jpg;https://m.media-amazon.com/images/I/71lVoyWvXrL.jpg;https://m.media-amazon.com/images/I/91A5s4H3jvL.jpg;https://m.media-amazon.com/images/I/71yEZxpib+L.jpg;https://m.media-amazon.com/images/I/71mLsPqMxeL.jpg,11.922688,-8.653231,-4.237057,-9.824475,-9.212662,5.927726,-0.8602256,2.5901058,-0.14383723,-3.2854862
B01LTHYW9W,Colgate,1,1,1,https://m.media-amazon.com/images/I/91u0MIdR19L.jpg;https://m.media-amazon.com/images/I/511aN1+mPvL.jpg;https://m.media-amazon.com/images/I/61yqhLv381L.jpg;https://m.media-amazon.com/images/I/71xvcuEEaHL.jpg;https://m.media-amazon.com/images/I/61e1fv243tL.jpg;https://m.media-amazon.com/images/I/61jK2iJOjGL.jpg;https://m.media-amazon.com/images/I/71Fp9arHQ5L.jpg;https://m.media-amazon.com/images/I/31PmCkAsg2L.jpg;https://m.media-amazon.com/images/I/41Zb43SeVXL.jpg;https://m.media-amazon.com/images/I/61ALwWFalBL.jpg,10.724781,-8.864607,2.1125193,-2.1626718,6.087384,-10.583197,4.0643663,0.52246517,0.6441805,2.5800722
B01LTHYWAQ,Colgate,1,1,1,https://m.media-amazon.com/images/I/81QtnrS82TL.jpg;https://m.media-amazon.com/images/I/51cG+yUxbGL.jpg;https://m.media-amazon.com/images/I/81UgecmPXxL.jpg;https://m.media-amazon.com/images/I/81qJq0zuZxL.jpg;https://m.media-amazon.com/images/I/91Tk87F9OWL.jpg;https://m.media-amazon.com/images/I/81jiFfbRPFL.jpg;https://m.media-amazon.com/images/I/71Vzw7VgrxL.jpg;https://m.media-amazon.com/images/I/41yivwd9rXL.jpg,7.011825,-5.670248,7.7104964,1.4823879,7.0079393,-8.737981,2.2785153,6.9105864,4.587088,-0.52242774
B01LTHYWB0,Colgate,1,1,1,https://m.media-amazon.com/images/I/8192S1tXSpL.jpg;https://m.media-amazon.com/images/I/51Yi88MxxFL.jpg;https://m.media-amazon.com/images/I/81JsqMbxK4L.jpg;https://m.media-amazon.com/images/I/81mDRYMF7nL.jpg;https://m.media-amazon.com/images/I/81OpP04EDjL.jpg;https://m.media-amazon.com/images/I/71HYayU4uwL.jpg;https://m.media-amazon.com/images/I/81DqrjwjWcL.jpg;https://m.media-amazon.com/images/I/71rr7DyJpDL.jpg,8.048402,-6.7566166,5.9192567,1.9452727,6.363644,-8.910169,2.7831337,-1.4284141,3.5645092,-2.0915148
B01LWQDM4I,Colgate,1,1,1,https://m.media-amazon.com/images/I/81gK7CUJygL.jpg;https://m.media-amazon.com/images/I/41vy3H3vBPL.jpg;https://m.media-amazon.com/images/I/81o4NNm71XL.jpg;https://m.media-amazon.com/images/I/61akazqqeSL.jpg;https://m.media-amazon.com/images/I/51OdRjLqJCL.jpg;https://m.media-amazon.com/images/I/51b397q8RKL.jpg;https://m.media-amazon.com/images/I/61UDl7y0gJL.jpg;https://m.media-amazon.com/images/I/61TaswqH9fL.jpg;https://m.media-amazon.com/images/I/314RKGQ0ZPL.jpg;https://m.media-amazon.com/images/I/41qMW0yKZRL.jpg;https://m.media-amazon.com/images/I/61Z0STLCMsL.jpg,7.765373,-10.722944,-4.3692746,-2.761249,-1.3318738,-10.023107,6.1048126,-2.0391393,4.492748,0.99715835
B01LX217F9,SENSODYNE PRONAMEL,1,1,1,https://m.media-amazon.com/images/I/81e2fYwJBPL.jpg;https://m.media-amazon.com/images/I/71B+3jUaLVL.jpg;https://m.media-amazon.com/images/I/81Xugf3pSGL.jpg;https://m.media-amazon.com/images/I/71G6s5puWAL.jpg;https://m.media-amazon.com/images/I/71x47p0yP+L.jpg;https://m.media-amazon.com/images/I/71G8EY5t3hL.jpg;https://m.media-amazon.com/images/I/81oHq6vAWjL.jpg;https://m.media-amazon.com/images/I/81DYHVB3kJL.jpg;https://m.media-amazon.com/images/I/51FQbsXHSPL.jpg,-6.1532116,-4.1750493,6.5313296,15.342069,-2.8890178,4.087485,-8.015072,6.2115016,-5.6825604,-1.4885138
B01M9BRYDL,Other,1,1,1,https://m.media-amazon.com/images/I/61U8Ggiq4PL.jpg;https://m.media-amazon.com/images/I/81wOa8MBdSL.jpg;https://m.media-amazon.com/images/I/81cLARSio-L.jpg;https://m.media-amazon.com/images/I/81IaZTxqVsL.jpg;https://m.media-amazon.com/images/I/71H96VHKlUL.jpg;https://m.media-amazon.com/images/I/71y2xqbmKBL.jpg;https://m.media-amazon.com/images/I/71ttSLYB9xL.jpg,-9.60062,13.92317,-5.3941417,-1.8775454,-1.3810716,0.78985167,6.2475553,-0.22279246,-0.8310985,2.7223923
B01MR8EL31,Crest,1,1,1,https://m.media-amazon.com/images/I/81vTMU6CQVL.jpg;https://m.media-amazon.com/images/I/41L4YYnYDzL.jpg;https://m.media-amazon.com/images/I/41Cl+0vUdML.jpg;https://m.media-amazon.com/images/I/81Pd6Z-EtgL.jpg;https://m.media-amazon.com/images/I/71U8ZED3rNL.jpg;https://m.media-amazon.com/images/I/819H2R8TgIL.jpg;https://m.media-amazon.com/images/I/81VRUwXJzXL.jpg;https://m.media-amazon.com/images/I/81HeJv-XkEL.jpg;https://m.media-amazon.com/images/I/81NPw1QwtyL.jpg;https://m.media-amazon.com/images/I/81Me915fcML.jpg;https://m.media-amazon.com/images/I/7193J-HnBDL.jpg,7.2575774,-2.0543377,-1.5848414,-7.3329453,-11.159505,6.542148,-7.2448997,3.92523,-5.4976306,-6.598613
B01MTBFP2D,Crest,1,1,1,https://m.media-amazon.com/images/I/617zDBHZIUL.jpg;https://m.media-amazon.com/images/I/61TVHp6Yi8L.jpg;https://m.media-amazon.com/images/I/616UAt4tY6L.jpg;https://m.media-amazon.com/images/I/61ryoc+6PzL.jpg;https://m.media-amazon.com/images/I/61sFUQcGeUL.jpg;https://m.media-amazon.com/images/I/614UcbXZ5KL.jpg;https://m.media-amazon.com/images/I/51VzSNaRAxL.jpg;https://m.media-amazon.com/images/I/51AtME4B2ML.jpg,-1.0602487,-5.2632427,5.261041,-8.94211,-6.59187,8.185869,-5.887686,4.803614,-5.72631,2.1587925
B01MUA08C1,Crest,1,1,1,https://m.media-amazon.com/images/I/61JPxwrbBfL.jpg;https://m.media-amazon.com/images/I/61TVHp6Yi8L.jpg;https://m.media-amazon.com/images/I/616UAt4tY6L.jpg;https://m.media-amazon.com/images/I/61XgOn-r26L.jpg;https://m.media-amazon.com/images/I/610jOR5gX4L.jpg;https://m.media-amazon.com/images/I/614UcbXZ5KL.jpg;https://m.media-amazon.com/images/I/51BfocFRTHL.jpg;https://m.media-amazon.com/images/I/51CA2-CaBAL.jpg,-1.0009327,1.0550547,5.4814477,-5.0798483,-6.662382,7.555305,-5.1778755,4.596358,-5.611926,-4.717849
B01MUBCKFE,Parodontax,1,1,1,https://m.media-amazon.com/images/I/81wYusUDSHL.jpg;https://m.media-amazon.com/images/I/61wzupBuI7L.jpg;https://m.media-amazon.com/images/I/51X7p-XxYcL.jpg;https://m.media-amazon.com/images/I/61axylDS7vL.jpg;https://m.media-amazon.com/images/I/51-MhMsLKHL.jpg;https://m.media-amazon.com/images/I/61lFqZbpp6L.jpg;https://m.media-amazon.com/images/I/717poo9dJzL.jpg;https://m.media-amazon.com/images/I/71FMq9-iizL.jpg;https://m.media-amazon.com/images/I/71+TNDAm3pL.jpg;https://m.media-amazon.com/images/I/51+r36JakSL.jpg;https://m.media-amazon.com/images/I/31MXGzLa7YL.jpg,-7.6600275,4.918978,9.082994,3.7809923,-1.1081412,5.1307373,-6.005258,-5.3947134,-0.026784241,0.5348012
B01MY9A3HH,Other,1,1,1,https://m.media-amazon.com/images/I/71T1R-lyyLL.jpg;https://m.media-amazon.com/images/I/81+pVnff8yL.jpg;https://m.media-amazon.com/images/I/71bcpeTPmlL.jpg;https://m.media-amazon.com/images/I/81oWztKfCwL.jpg;https://m.media-amazon.com/images/I/71IIi43ai5L.jpg;https://m.media-amazon.com/images/I/81uqgy7A9+L.jpg;https://m.media-amazon.com/images/I/81w-F8hv8wL.jpg;https://m.media-amazon.com/images/I/71DCIPBjYDL.jpg;https://m.media-amazon.com/images/I/51Gcy0zQ42L.jpg,-2.1077845,6.408282,-1.0679518,-8.161377,3.9516277,-0.43597847,3.307934,2.0856185,-6.94869,6.591341
B01MZC708J,Crest,1,1,1,https://m.media-amazon.com/images/I/81lNaeFtRaL.jpg;https://m.media-amazon.com/images/I/41k8MNN1kGL.jpg;https://m.media-amazon.com/images/I/41CvdUTN3CL.jpg;https://m.media-amazon.com/images/I/91so8TdMBeL.jpg;https://m.media-amazon.com/images/I/91r0AOYB-BL.jpg;https://m.media-amazon.com/images/I/81fIGPyZvtL.jpg;https://m.media-amazon.com/images/I/41XJIa5UkWL.jpg;https://m.media-amazon.com/images/I/41iJJjbTS+L.jpg,9.994688,-9.740883,-5.388154,-9.396603,-9.673664,3.8558168,0.2743236,1.2390183,3.011012,-3.3608906
B01N4IEXJK,hello,1,1,1,https://m.media-amazon.com/images/I/81ipkcv01bL.jpg;https://m.media-amazon.com/images/I/41hr5B8L0qL.jpg;https://m.media-amazon.com/images/I/41P5NWMxIqL.jpg;https://m.media-amazon.com/images/I/81dr1nB02EL.jpg;https://m.media-amazon.com/images/I/81vlhhhTkjL.jpg;https://m.media-amazon.com/images/I/91-R5W3gFtL.jpg;https://m.media-amazon.com/images/I/81UYZYO2rVL.jpg;https://m.media-amazon.com/images/I/91SB26Z0K+L.jpg;https://m.media-amazon.com/images/I/918+rijjW3L.jpg;https://m.media-amazon.com/images/I/81z2fDKWs3L.jpg;https://m.media-amazon.com/images/I/51pbvXqfueL.jpg;https://m.media-amazon.com/images/I/41TBhPKbDnL.jpg;https://m.media-amazon.com/images/I/41Dn6xOGEdL.jpg;https://m.media-amazon.com/images/I/41od1DeBTlL.jpg,-12.627762,3.7132878,-3.9579628,3.6041002,-1.169479,3.0092068,6.41441,-8.340753,-3.1986852,0.3082282
B01NBG33XR,SENSODYNE PRONAMEL,1,1,1,https://m.media-amazon.com/images/I/71rIX5pDBBS.jpg;https://m.media-amazon.com/images/I/61O9Y3iLkkL.jpg;https://m.media-amazon.com/images/I/619Uu2Egc6L.jpg;https://m.media-amazon.com/images/I/61ExaG9Z0lL.jpg;https://m.media-amazon.com/images/I/61cu5y+V5CL.jpg,-10.14597,-5.082641,3.4691308,18.017485,-3.0839431,5.2931094,-2.5352511,2.2061512,0.33545303,4.993004
B01NBHM35Y,SENSODYNE PRONAMEL,1,1,1,https://m.media-amazon.com/images/I/71VytKsf-gL.jpg;https://m.media-amazon.com/images/I/31SYcEVHJ6L.jpg;https://m.media-amazon.com/images/I/31ajPkiMIDL.jpg;https://m.media-amazon.com/images/I/61AM1hG2lVL.jpg;https://m.media-amazon.com/images/I/619Uu2Egc6L.jpg;https://m.media-amazon.com/images/I/61ExaG9Z0lL.jpg;https://m.media-amazon.com/images/I/61cu5y+V5CL.jpg;https://m.media-amazon.com/images/I/61ZadiWa44L.jpg;https://m.media-amazon.com/images/I/61eDETb46pL.jpg;https://m.media-amazon.com/images/I/6169D+GktvL.jpg;https://m.media-amazon.com/images/I/31B8oWKltBL.jpg;https://m.media-amazon.com/images/I/41z5HbDffGL.jpg;https://m.media-amazon.com/images/I/31uv3IemkRL.jpg;https://m.media-amazon.com/images/I/419Zi7RY93L.jpg,-9.411338,-5.3470078,4.1999435,18.001167,-3.7396677,5.2607408,-2.9492316,2.4532418,0.11469684,4.407079
B06WRS71N8,Other,1,0,1,,,3.792633,,-1.3172086,,-0.50455356,,-14.976638,,-1.6019237
B06X3Q9B5X,APAGARD,1,1,1,https://m.media-amazon.com/images/I/51ub-L7NoGL._AC_SY300_SX300_QL70_ML2_.jpg,-9.361303,2.8851376,-7.246567,2.227942,-3.24274,4.369332,8.888176,-2.4626102,-0.6908406,5.6156883
B06X3ZYV7L,Crest,1,1,1,https://m.media-amazon.com/images/I/61gDiyTNHZL.jpg;https://m.media-amazon.com/images/I/51D4ouIabmL.jpg;https://m.media-amazon.com/images/I/51U7kUoYpBL.jpg;https://m.media-amazon.com/images/I/51JCwpZS8FL.jpg;https://m.media-amazon.com/images/I/619IAeT21aL.jpg;https://m.media-amazon.com/images/I/61jPfTa6lhL.jpg;https://m.media-amazon.com/images/I/61s7rEeEbKL.jpg;https://m.media-amazon.com/images/I/61ueU4bfPSL.jpg;https://m.media-amazon.com/images/I/61MAj+uI+sL.jpg,6.8192306,-6.9028177,-3.9835489,-8.608348,-12.676022,6.2325516,-6.7650747,4.0061793,-5.223415,-1.538518
B06XKVPDZR,Parodontax,1,1,1,https://m.media-amazon.com/images/I/61EjF8+ZIvL.jpg;https://m.media-amazon.com/images/I/51UQLD35E2L.jpg;https://m.media-amazon.com/images/I/61YAFCBoSXL.jpg;https://m.media-amazon.com/images/I/61c6qQyVz8L.jpg;https://m.media-amazon.com/images/I/51i1ODhFEuL.jpg;https://m.media-amazon.com/images/I/61vs9Ks5ruL.jpg;https://m.media-amazon.com/images/I/51aKfzP+CbL.jpg,0.7227391,4.9690022,7.6846538,3.9759538,1.4072807,4.882661,-9.013019,-5.8774767,1.1945456,0.60607606
B07172V55N,Crest,1,1,1,https://m.media-amazon.com/images/I/71+AzRy3N4L.jpg;https://m.media-amazon.com/images/I/41LyWIXqMuL.jpg;https://m.media-amazon.com/images/I/41BkR+HuTeL.jpg;https://m.media-amazon.com/images/I/61nJyzLxSfL.jpg;https://m.media-amazon.com/images/I/81p7Raf49DL.jpg;https://m.media-amazon.com/images/I/71Ew2tta8CL.jpg;https://m.media-amazon.com/images/I/81hLZ8IvkBL.jpg;https://m.media-amazon.com/images/I/71elM2ioqZL.jpg;https://m.media-amazon.com/images/I/81x0hUlHG8L.jpg;https://m.media-amazon.com/images/I/81ux4ki1C-L.jpg;https://m.media-amazon.com/images/I/313Yo7I0jaL.jpg;https://m.media-amazon.com/images/I/31aaSLwKnyL.jpg;https://m.media-amazon.com/images/I/31FjJitPApL.jpg;https://m.media-amazon.com/images/I/31bLCunkiUL.jpg,8.627128,-10.516021,-11.216695,-10.230077,-11.210291,6.6251025,1.8689908,0.5848932,5.7825904,1.9611851
B071CDW6DH,Other,1,1,1,https://m.media-amazon.com/images/I/51rrpyuopiL.jpg,-1.6189152,-0.14536797,2.3869178,4.7217636,-1.4569863,4.027203,-3.6242063,-0.57738966,1.8822825,-3.540397
B071RC4QPM,Crest,1,1,1,https://m.media-amazon.com/images/I/81pRM6eEmSL.jpg;https://m.media-amazon.com/images/I/71v1igar8bL.jpg;https://m.media-amazon.com/images/I/A109QVI+ueL.jpg;https://m.media-amazon.com/images/I/816NneyFRWL.jpg;https://m.media-amazon.com/images/I/81xGsQ1-kZL.jpg;https://m.media-amazon.com/images/I/81FbJ+tAFCL.jpg,4.6813993,-3.0126061,0.71729535,-9.732387,-6.238692,7.9553933,-7.093536,7.661095,-5.9294877,-0.8885527
B0744Q3XKP,hello,1,0,1,,,13.028829,,0.45786375,,-1.9891993,,-0.38523987,,2.7415981
B074F55XJP,Crest,1,0,1,,,-4.226513,,-8.178453,,5.3105946,,-0.19350442,,-2.6483696
B075S725W7,Crest,1,1,1,https://m.media-amazon.com/images/I/817q0A5h9eL.jpg;https://m.media-amazon.com/images/I/91f3jUD5QbL.jpg,8.044896,-11.06116,-5.1241016,-8.89205,-5.6836534,6.724882,0.67439795,-1.6505297,3.1618795,1.6238095
B0762LYF5D,Sensodyne,2,1,1,https://m.media-amazon.com/images/I/81fhCRyP0eL.jpg;https://m.media-amazon.com/images/I/71Mq7BGlAPL.jpg;https://m.media-amazon.com/images/I/81ixMCXqlhL.jpg;https://m.media-amazon.com/images/I/71husqK6s1L.jpg;https://m.media-amazon.com/images/I/816Uzg88ynL.jpg;https://m.media-amazon.com/images/I/71QLkU8JA6L.jpg;https://m.media-amazon.com/images/I/71kIDX+eeRL.jpg,-6.8017273,-10.036209,7.0573063,10.675255,-0.6579583,2.3020923,-1.6994152,2.9884567,10.866899,-2.9641976
B0762LYFKP,SENSODYNE PRONAMEL,1,1,1,https://m.media-amazon.com/images/I/811cNDjH3DL.jpg;https://m.media-amazon.com/images/I/81TRp4rRSoL.jpg;https://m.media-amazon.com/images/I/71k0ZNPTFnL.jpg;https://m.media-amazon.com/images/I/71H-WaqUy0L.jpg;https://m.media-amazon.com/images/I/81tj1mDxGcL.jpg;https://m.media-amazon.com/images/I/81fZhdpJS+L.jpg;https://m.media-amazon.com/images/I/71-n+yppdlL.jpg;https://m.media-amazon.com/images/I/81v5mjDuWkL.jpg;https://m.media-amazon.com/images/I/51QD-e3T+oL.jpg;https://m.media-amazon.com/images/I/41UN1dGdAKL.jpg,-6.783985,-7.891824,6.330721,13.733449,-3.4760928,3.7188404,-9.939293,4.9347725,-5.418187,-2.245781
B0762PS6DN,SENSODYNE PRONAMEL,2,1,1,https://m.media-amazon.com/images/I/81EmSU-YKmL.jpg;https://m.media-amazon.com/images/I/71oArmNCgiL.jpg;https://m.media-amazon.com/images/I/71mYGmoNCVL.jpg;https://m.media-amazon.com/images/I/71Pxqex7UsL.jpg;https://m.media-amazon.com/images/I/71S-XCQ8YnL.jpg;https://m.media-amazon.com/images/I/81WZAgO0dXL.jpg;https://m.media-amazon.com/images/I/81tfYQE7Z5L.jpg;https://m.media-amazon.com/images/I/81Suxui4g5L.jpg;https://m.media-amazon.com/images/I/71t7clYtUzL.jpg;https://m.media-amazon.com/images/I/61IWlbLzyjL.jpg;https://m.media-amazon.com/images/I/41Unx-9Fb3L.jpg;https://m.media-amazon.com/images/I/51JhIaTfbpL.jpg,-6.368225,-4.0089965,5.8541303,15.79813,-2.9911923,3.4480975,-9.701397,6.7427154,-5.581296,-3.3907611
B076B2HSC6,hello,1,1,1,https://m.media-amazon.com/images/I/71g4zl9RR3L.jpg;https://m.media-amazon.com/images/I/612+0VInRKL.jpg;https://m.media-amazon.com/images/I/51oAzGwjE0L.jpg;https://m.media-amazon.com/images/I/61Kw5uShCbL.jpg;https://m.media-amazon.com/images/I/617X2faE+7L.jpg;https://m.media-amazon.com/images/I/619GiQNlHEL.jpg;https://m.media-amazon.com/images/I/51xr6fRw45L.jpg;https://m.media-amazon.com/images/I/51VfE0lcT0L.jpg;https://m.media-amazon.com/images/I/413C6G0h7jL.jpg;https://m.media-amazon.com/images/I/41pmJ-7g19L.jpg;https://m.media-amazon.com/images/I/51lW9VQZx1L.jpg,-10.366543,3.8369741,-5.929811,-1.963206,-2.489219,2.2120552,8.698296,-15.646058,-3.7053814,-4.6763973
B076B8PX14,hello,1,1,1,https://m.media-amazon.com/images/I/61PsfS56ZCL.jpg;https://m.media-amazon.com/images/I/7188x7uSjwL.jpg;https://m.media-amazon.com/images/I/71YwrbjURzL.jpg;https://m.media-amazon.com/images/I/81RmKOmmapL.jpg;https://m.media-amazon.com/images/I/61H8ByKt6GL.jpg;https://m.media-amazon.com/images/I/61i-fRGNQrL.jpg;https://m.media-amazon.com/images/I/71X1gTeHRaL.jpg;https://m.media-amazon.com/images/I/71g+d1IRdFL.jpg;https://m.media-amazon.com/images/I/711vo0bw+JL.jpg,-5.3823023,3.7665193,-11.3102865,-1.4971551,-1.3733441,0.8017467,9.519585,-12.20131,1.3071634,-3.20793
B077H52NGB,Other,2,1,1,https://m.media-amazon.com/images/I/51rVjA68bpL.jpg;https://m.media-amazon.com/images/I/81VCdhlpJEL.jpg;https://m.media-amazon.com/images/I/71qx48yJgdL.jpg;https://m.media-amazon.com/images/I/81wUxcqrE+L.jpg,-12.704374,3.6662867,-0.34988365,2.1297653,-4.89485,6.997272,6.2188263,-1.8453989,0.062027108,11.393648
B0788C493C,Parodontax,1,1,1,https://m.media-amazon.com/images/I/81JQXx7nKlL.jpg;https://m.media-amazon.com/images/I/71vj-aVcueL.jpg;https://m.media-amazon.com/images/I/71DjwLJ40TL.jpg;https://m.media-amazon.com/images/I/81tu9LYoOnL.jpg;https://m.media-amazon.com/images/I/81J6OV8U0LL.jpg;https://m.media-amazon.com/images/I/71aChRLV1ML.jpg;https://m.media-amazon.com/images/I/81Eg1KEogML.jpg;https://m.media-amazon.com/images/I/71y64BEycrL.jpg;https://m.media-amazon.com/images/I/71JlIEjYDmL.jpg;https://m.media-amazon.com/images/I/51qoWzR2iTL.jpg;https://m.media-amazon.com/images/I/4167bKYpUEL.jpg;https://m.media-amazon.com/images/I/413KKHTa83L.jpg,-5.2179184,0.2100631,7.540828,3.3369176,-1.530355,4.5636754,-6.084795,-9.5009,-0.47796163,-0.3173355
B0788C5QSZ,Parodontax,1,1,1,https://m.media-amazon.com/images/I/81BoVKR6fgL.jpg;https://m.media-amazon.com/images/I/71qpsQSdYzL.jpg;https://m.media-amazon.com/images/I/71i7jaVYU5L.jpg;https://m.media-amazon.com/images/I/81jdIpvjMqL.jpg;https://m.media-amazon.com/images/I/81JjWhNoOlL.jpg;https://m.media-amazon.com/images/I/816PIA80j+L.jpg;https://m.media-amazon.com/images/I/71Y3-L6m8VL.jpg;https://m.media-amazon.com/images/I/71x2uPna9CL.jpg;https://m.media-amazon.com/images/I/81a73W-XqAL.jpg;https://m.media-amazon.com/images/I/41dHfJSZnaL.jpg;https://m.media-amazon.com/images/I/41HFJHV003L.jpg,-5.371616,2.99868,7.7297673,3.0607355,-1.499902,5.5539517,-6.780375,-5.659475,-0.1947927,0.80846936
B078HQ48JX,Sensodyne,1,1,1,https://m.media-amazon.com/images/I/71i9ExQIt5L.jpg;https://m.media-amazon.com/images/I/71GhU2a77tL.jpg;https://m.media-amazon.com/images/I/71Mrum4FTGL.jpg;https://m.media-amazon.com/images/I/81Zhfu7v2jL.jpg;https://m.media-amazon.com/images/I/81dfrNpUQpL.jpg;https://m.media-amazon.com/images/I/71M2m58R0PL.jpg;https://m.media-amazon.com/images/I/71ebw6RqlAL.jpg;https://m.media-amazon.com/images/I/71sphKDZPWL.jpg;https://m.media-amazon.com/images/I/71S6PKlMI+L.jpg;https://m.media-amazon.com/images/I/41j3coaKHIL.jpg;https://m.media-amazon.com/images/I/41HYf6dBQhL.jpg;https://m.media-amazon.com/images/I/416AhdxDERL.jpg;https://m.media-amazon.com/images/I/41tJX2N72IL.jpg;https://m.media-amazon.com/images/I/51CoR2Id9pL.jpg,-8.693279,-4.3067794,6.7971826,13.659831,-0.8893951,3.080342,-1.9549406,5.6074524,12.753074,0.5635714
B0791V11PS,Crest,2,1,1,https://m.media-amazon.com/images/I/81D2ONX9-iL.jpg;https://m.media-amazon.com/images/I/813+h+Ur7fL.jpg;https://m.media-amazon.com/images/I/715Tb99g+VL.jpg;https://m.media-amazon.com/images/I/715hCwQs9dL.jpg;https://m.media-amazon.com/images/I/71VrXqTviVL.jpg;https://m.media-amazon.com/images/I/71N489iIqqL.jpg;https://m.media-amazon.com/images/I/81oo5RlQ+-L.jpg,1.5216935,-3.9723082,1.0363228,-10.053429,-5.3202085,7.5972967,-5.8624067,6.867956,0.42330992,0.9520216
B0795VHRJZ,Colgate,1,1,1,https://m.media-amazon.com/images/I/91bT-J9-J5L.jpg;https://m.media-amazon.com/images/I/71TMfV6eazL.jpg;https://m.media-amazon.com/images/I/71TuMr48DHL.jpg;https://m.media-amazon.com/images/I/61aqq6sEuBL.jpg,7.9815826,-6.9315515,6.2015147,-1.0269657,7.1973844,-10.826297,2.4614668,-0.45059234,-1.9532074,0.6657539
B0795Z8SWZ,Colgate,2,1,1,https://m.media-amazon.com/images/I/91itw3TGTKL.jpg;https://m.media-amazon.com/images/I/913kuwXsEmL.jpg;https://m.media-amazon.com/images/I/718JWzzOmsL.jpg,8.832816,-9.52871,6.2551126,0.48352233,7.7931867,-10.476945,2.2433445,-0.62475085,-2.5373921,0.04550464
B07961C65H,Colgate,1,1,1,https://m.media-amazon.com/images/I/81j+v7xdonL.jpg;https://m.media-amazon.com/images/I/51u4-JtyN1L.jpg;https://m.media-amazon.com/images/I/41EofGrS14L.jpg;https://m.media-amazon.com/images/I/61WA9Po2u3L.jpg;https://m.media-amazon.com/images/I/51D6ME7VdhL.jpg;https://m.media-amazon.com/images/I/61OdM-MwEzL.jpg;https://m.media-amazon.com/images/I/610g4hUSfyL.jpg;https://m.media-amazon.com/images/I/41aW5ja4KNL.jpg,10.393449,-12.192291,2.310285,-3.4521077,3.4255974,-10.774024,4.9697704,-2.3445091,2.621351,0.478365
B0799HHLC2,Other,1,1,1,https://m.media-amazon.com/images/I/71NaqOml4DL.jpg;https://m.media-amazon.com/images/I/71JCmTkT+eL.jpg;https://m.media-amazon.com/images/I/716zjLaJqLL.jpg;https://m.media-amazon.com/images/I/81Po5Odtu1L.jpg;https://m.media-amazon.com/images/I/81lTCGPa6oL.jpg;https://m.media-amazon.com/images/I/81llDZsCzNL.jpg;https://m.media-amazon.com/images/I/611qokaRzhL.jpg,-7.355542,0.9269639,0.27069345,0.82744044,-4.6116347,-3.390684,4.6840262,-8.061096,-0.010970204,-5.681197
B079Z4VJS7,hello,1,1,1,https://m.media-amazon.com/images/I/71S9NXW2nDL.jpg;https://m.media-amazon.com/images/I/7188x7uSjwL.jpg;https://m.media-amazon.com/images/I/71YwrbjURzL.jpg;https://m.media-amazon.com/images/I/81RmKOmmapL.jpg;https://m.media-amazon.com/images/I/71DG-11TBdL.jpg;https://m.media-amazon.com/images/I/71WS8+--AEL.jpg;https://m.media-amazon.com/images/I/71f+UqE5S7L.jpg;https://m.media-amazon.com/images/I/71jnVdkWQyL.jpg,-0.968682,3.1274478,-10.6580515,-1.0159651,-2.9257104,1.6557611,8.590058,-14.643469,4.6628804,-4.695896
B07C1ZQ5ZY,Sensodyne,1,1,1,https://m.media-amazon.com/images/I/71kF9Uru39L.jpg;https://m.media-amazon.com/images/I/81NfijshhvL.jpg;https://m.media-amazon.com/images/I/81xHMzQr0HL.jpg;https://m.media-amazon.com/images/I/81GNWtCwsxL.jpg;https://m.media-amazon.com/images/I/81nFrpt4J6L.jpg;https://m.media-amazon.com/images/I/81O5n2fmM7L.jpg;https://m.media-amazon.com/images/I/71SMSsTdnCL.jpg;https://m.media-amazon.com/images/I/81CRA5ECfDL.jpg;https://m.media-amazon.com/images/I/81tQGl-9UVL.jpg;https://m.media-amazon.com/images/I/51FQbsXHSPL.jpg;https://m.media-amazon.com/images/I/41EODEbnc+L.jpg;https://m.media-amazon.com/images/I/41xcw+ABp4L.jpg;https://m.media-amazon.com/images/I/51cyShbD8PL.jpg;https://m.media-amazon.com/images/I/51fXfXBOG1L.jpg;https://m.media-amazon.com/images/I/313Dv0lZdeL.jpg;https://m.media-amazon.com/images/I/41fUhmbzUFL.jpg;https://m.media-amazon.com/images/I/51M4r+Yd5zL.jpg,-8.94302,-6.3693275,6.2307096,12.217878,-0.67452705,3.2391026,-2.1571288,2.93594,13.234272,-5.062447
B07CHP3FPQ,Crest,1,1,1,https://m.media-amazon.com/images/I/61PwuHTLeuL.jpg;https://m.media-amazon.com/images/I/41Hd+5b8HrL.jpg;https://m.media-amazon.com/images/I/41YiFls186L.jpg;https://m.media-amazon.com/images/I/41aQoT7z5UL.jpg;https://m.media-amazon.com/images/I/41963yTWdyL.jpg;https://m.media-amazon.com/images/I/413IJBRxMAL.jpg;https://m.media-amazon.com/images/I/61je9Jgb5OL.jpg;https://m.media-amazon.com/images/I/61tDpe6mvuL.jpg,9.645293,-6.231391,-7.443033,-7.355555,-12.400798,2.368738,-0.2023621,-2.2600176,0.96292806,-8.539886
B07CKG4T6Q,Crest,1,1,1,https://m.media-amazon.com/images/I/9117HoGYAML.jpg;https://m.media-amazon.com/images/I/81Pd6Z-EtgL.jpg;https://m.media-amazon.com/images/I/81ApxNqEmTL.jpg;https://m.media-amazon.com/images/I/713GHJs0tsL.jpg;https://m.media-amazon.com/images/I/81psTqlUl5L.jpg;https://m.media-amazon.com/images/I/81p5vAh1IzL.jpg;https://m.media-amazon.com/images/I/81VRUwXJzXL.jpg;https://m.media-amazon.com/images/I/81DJUABA8+L.jpg;https://m.media-amazon.com/images/I/71zAE41CFgL.jpg,9.654238,-2.8136942,-2.75749,-9.2024765,-8.536889,7.2914753,-4.82183,6.9971037,-4.9658422,-2.292089
B07F2PGS2H,Other,1,1,1,https://m.media-amazon.com/images/I/61pAZPxfWML.jpg;https://m.media-amazon.com/images/I/515rzC-oXBL.jpg;https://m.media-amazon.com/images/I/61rTAArwH8L.jpg;https://m.media-amazon.com/images/I/61ezFzLAcHL.jpg,-10.418885,4.0519495,-0.39499432,-2.6707916,-5.9417415,5.443108,6.505884,-19.403646,-0.22053815,2.8503022
B07F2Q38TL,Tom's of Maine,1,1,1,https://m.media-amazon.com/images/I/81fVwRJZw4L.jpg;https://m.media-amazon.com/images/I/51uDmuXoiwL.jpg;https://m.media-amazon.com/images/I/51-ucDxDqKL.jpg;https://m.media-amazon.com/images/I/81bExSTX8SL.jpg;https://m.media-amazon.com/images/I/81IutaCU09L.jpg;https://m.media-amazon.com/images/I/81OQdS3Nv7L.jpg;https://m.media-amazon.com/images/I/81NC-LQIItL.jpg;https://m.media-amazon.com/images/I/81tVOLUs-eL.jpg;https://m.media-amazon.com/images/I/61rIZCC0KIL.jpg;https://m.media-amazon.com/images/I/817dAwrWfsL.jpg;https://m.media-amazon.com/images/I/71ka896GHxL.jpg,-2.675736,8.424847,-14.27987,1.2666233,9.345934,-3.810152,-8.711412,3.231375,2.5906146,-11.435639
B07GT4XWXZ,Other,1,1,1,https://m.media-amazon.com/images/I/81vyJbos26L.jpg;https://m.media-amazon.com/images/I/71e3JEwwbZL.jpg;https://m.media-amazon.com/images/I/71SINzbebRL.jpg;https://m.media-amazon.com/images/I/81nP+pfgPjL.jpg;https://m.media-amazon.com/images/I/71IaCv5eqxL.jpg;https://m.media-amazon.com/images/I/81VBSc4Lw2L.jpg;https://m.media-amazon.com/images/I/81efH8CLXUL.jpg;https://m.media-amazon.com/images/I/71oi8KKogmL.jpg,-10.969156,2.6762178,0.5365236,-2.0914679,-3.1751323,5.533727,7.2384663,-19.575665,1.0976186,1.0724001
B07H944RLG,Other,1,1,1,https://m.media-amazon.com/images/I/61liQxVXG8L.jpg,-7.7530036,-0.10035627,-0.28678578,4.542874,-0.03361433,0.622947,0.1863427,0.0874492,2.0296297,-3.3363655
B07JHV6LS2,Colgate,1,1,1,https://m.media-amazon.com/images/I/91v9XoIRntL.jpg;https://m.media-amazon.com/images/I/81-bvMZQdvL.jpg;https://m.media-amazon.com/images/I/71D89z+-xnL.jpg;https://m.media-amazon.com/images/I/71nNl19cNML.jpg;https://m.media-amazon.com/images/I/6188wdw213L.jpg;https://m.media-amazon.com/images/I/514p7O9eVAL.jpg;https://m.media-amazon.com/images/I/61-Z09HcUeL.jpg;https://m.media-amazon.com/images/I/51ZPIYFUCZL.jpg;https://m.media-amazon.com/images/I/51-WlEDeG0L.jpg;https://m.media-amazon.com/images/I/415Ho+6HyRL.jpg;https://m.media-amazon.com/images/I/51ankeLdQtL.jpg,9.7532625,-9.367753,3.153046,-2.4924433,7.4773436,-9.866124,1.2158995,0.15796362,1.4215517,3.707895
B07JW8WKH7,Other,1,1,1,https://m.media-amazon.com/images/I/61W4pK+2WNL.jpg;https://m.media-amazon.com/images/I/61LA+p7IINL.jpg;https://m.media-amazon.com/images/I/71sBhK7-HEL.jpg;https://m.media-amazon.com/images/I/61ygcl5d4jL.jpg;https://m.media-amazon.com/images/I/51P7VK+XolL.jpg;https://m.media-amazon.com/images/I/71FMoC7PnCL.jpg;https://m.media-amazon.com/images/I/A1vtSbgGciL.jpg,-9.014435,0.21877159,-3.0735445,-3.5087144,-3.923156,3.9451165,5.861088,-18.057878,-0.57560563,-1.8267981
B07JWVR1PK,Colgate,1,1,1,https://m.media-amazon.com/images/I/91DV12sG+RL.jpg;https://m.media-amazon.com/images/I/71-vEoZWQgL.jpg;https://m.media-amazon.com/images/I/71JbqsEoZLL.jpg;https://m.media-amazon.com/images/I/71wXwDxfVWL.jpg;https://m.media-amazon.com/images/I/719z+-phblL.jpg;https://m.media-amazon.com/images/I/71E4N6u8qzL.jpg;https://m.media-amazon.com/images/I/81EfYqby8zL.jpg;https://m.media-amazon.com/images/I/71yxVGIzxQL.jpg;https://m.media-amazon.com/images/I/71gT8MTYshL.jpg;https://m.media-amazon.com/images/I/415Ho+6HyRL.jpg;https://m.media-amazon.com/images/I/51ankeLdQtL.jpg,9.166631,-6.093415,3.9836059,1.6462675,7.6836705,-7.130038,0.40378588,-3.5220773,0.97322714,-1.5397855
B07JWVT19F,Colgate,1,1,1,https://m.media-amazon.com/images/I/91DzwwzR9AL.jpg;https://m.media-amazon.com/images/I/81B-CxKw2cL.jpg;https://m.media-amazon.com/images/I/71JbqsEoZLL.jpg;https://m.media-amazon.com/images/I/71wXwDxfVWL.jpg;https://m.media-amazon.com/images/I/719z+-phblL.jpg;https://m.media-amazon.com/images/I/71E4N6u8qzL.jpg;https://m.media-amazon.com/images/I/81G+4q1bbaL.jpg;https://m.media-amazon.com/images/I/71EcG0IWVjL.jpg;https://m.media-amazon.com/images/I/71tnkzn8DRL.jpg;https://m.media-amazon.com/images/I/415Ho+6HyRL.jpg;https://m.media-amazon.com/images/I/51ankeLdQtL.jpg,9.904338,-6.6228833,2.8438334,-1.9393194,7.5222435,-12.309441,-0.123914026,1.501883,0.26367667,-0.6188226
B07JYNPTMG,SENSODYNE PRONAMEL,1,1,1,https://m.media-amazon.com/images/I/71CAOx9SRpL.jpg;https://m.media-amazon.com/images/I/810gYELMtmL.jpg;https://m.media-amazon.com/images/I/81-57M0s-7L.jpg;https://m.media-amazon.com/images/I/81s-eHOaqlL.jpg;https://m.media-amazon.com/images/I/811GE5TyBsL.jpg;https://m.media-amazon.com/images/I/71O6cSM3ZSL.jpg;https://m.media-amazon.com/images/I/81icBx07VSL.jpg;https://m.media-amazon.com/images/I/81WZAgO0dXL.jpg;https://m.media-amazon.com/images/I/81XZlGydiPL.jpg;https://m.media-amazon.com/images/I/51FQbsXHSPL.jpg;https://m.media-amazon.com/images/I/41+yATGi+2L.jpg;https://m.media-amazon.com/images/I/718kVcmAAZL.jpg;https://m.media-amazon.com/images/I/31FJjonkhBL.jpg;https://m.media-amazon.com/images/I/41T5LaIsWnL.jpg;https://m.media-amazon.com/images/I/41TE+U0Wz8L.jpg;https://m.media-amazon.com/images/I/51ueB3QvfiL.jpg,-5.7677226,-2.602737,7.3165107,18.45859,-1.368531,5.973978,-7.2039733,3.9317198,-5.803383,2.2766762
B07K15VPD4,SENSODYNE PRONAMEL,1,1,1,https://m.media-amazon.com/images/I/71XbO9m8lnL.jpg;https://m.media-amazon.com/images/I/81gOJrafrAL.jpg;https://m.media-amazon.com/images/I/81xqo8J4JdL.jpg;https://m.media-amazon.com/images/I/81s-eHOaqlL.jpg;https://m.media-amazon.com/images/I/811GE5TyBsL.jpg;https://m.media-amazon.com/images/I/71O6cSM3ZSL.jpg;https://m.media-amazon.com/images/I/81icBx07VSL.jpg;https://m.media-amazon.com/images/I/81WZAgO0dXL.jpg;https://m.media-amazon.com/images/I/81XZlGydiPL.jpg;https://m.media-amazon.com/images/I/51FQbsXHSPL.jpg;https://m.media-amazon.com/images/I/41+yATGi+2L.jpg;https://m.media-amazon.com/images/I/71H3kumOZ-L.jpg;https://m.media-amazon.com/images/I/41xUZw+XRHL.jpg;https://m.media-amazon.com/images/I/41c2u8UFc7L.jpg;https://m.media-amazon.com/images/I/51ueB3QvfiL.jpg,-5.821983,-3.3710105,7.968009,18.763628,-1.2410204,5.7968397,-8.002555,4.1353674,-5.500635,1.5049095
B07L3MX468,Colgate,1,1,1,https://m.media-amazon.com/images/I/81nhLyO8qdL.jpg;https://m.media-amazon.com/images/I/71KupVUhTEL.jpg;https://m.media-amazon.com/images/I/81n7a0UqUcL.jpg;https://m.media-amazon.com/images/I/71nixv+TsvL.jpg;https://m.media-amazon.com/images/I/717xLsJmtAL.jpg;https://m.media-amazon.com/images/I/81Ga3S9XQ1L.jpg;https://m.media-amazon.com/images/I/71EMKM0h+tL.jpg;https://m.media-amazon.com/images/I/71ZJ-WMFHyL.jpg;https://m.media-amazon.com/images/I/71+CLFUBGkL.jpg,5.8491054,-6.453789,2.9783714,-2.3525958,3.9826782,-7.6629105,3.836767,-7.268279,0.8553556,-2.5713668
B07L5D13LL,Colgate,1,1,1,https://m.media-amazon.com/images/I/71Y9f5W9OML.jpg;https://m.media-amazon.com/images/I/71-vEoZWQgL.jpg;https://m.media-amazon.com/images/I/71JbqsEoZLL.jpg;https://m.media-amazon.com/images/I/71wXwDxfVWL.jpg;https://m.media-amazon.com/images/I/719z+-phblL.jpg;https://m.media-amazon.com/images/I/71E4N6u8qzL.jpg;https://m.media-amazon.com/images/I/71AhY1uOxVL.jpg;https://m.media-amazon.com/images/I/71OU5NdsXFL.jpg;https://m.media-amazon.com/images/I/818tyIeoaQL.jpg;https://m.media-amazon.com/images/I/415Ho+6HyRL.jpg;https://m.media-amazon.com/images/I/51ankeLdQtL.jpg,12.569619,-3.5749702,2.6506736,1.405726,3.8906531,-10.158965,0.9923665,-1.8444154,0.94127536,-4.2394013
B07L5H35RR,Colgate,1,1,1,https://m.media-amazon.com/images/I/81p84f3dUzL.jpg;https://m.media-amazon.com/images/I/81B-CxKw2cL.jpg;https://m.media-amazon.com/images/I/71JbqsEoZLL.jpg;https://m.media-amazon.com/images/I/71wXwDxfVWL.jpg;https://m.media-amazon.com/images/I/719z+-phblL.jpg;https://m.media-amazon.com/images/I/71E4N6u8qzL.jpg;https://m.media-amazon.com/images/I/71MvJ9nFDKL.jpg;https://m.media-amazon.com/images/I/71g1+Wgh+-L.jpg;https://m.media-amazon.com/images/I/81xat1yK1FL.jpg;https://m.media-amazon.com/images/I/415Ho+6HyRL.jpg;https://m.media-amazon.com/images/I/51ankeLdQtL.jpg,10.325761,-5.703059,4.360514,-0.53220385,6.075282,-10.687297,0.3483722,3.8392324,-0.48857066,2.6153674
B07L5PDS11,Colgate,1,1,1,https://m.media-amazon.com/images/I/81v2OnNaV6L.jpg;https://m.media-amazon.com/images/I/41+H52m+9PL.jpg;https://m.media-amazon.com/images/I/613EDIjiRFL.jpg;https://m.media-amazon.com/images/I/61qhXMN46mL.jpg;https://m.media-amazon.com/images/I/61JrneL2KNL.jpg;https://m.media-amazon.com/images/I/61TCAqiepLL.jpg;https://m.media-amazon.com/images/I/712jBiUiIFL.jpg;https://m.media-amazon.com/images/I/91l20HfASJL.jpg;https://m.media-amazon.com/images/I/71e52rh5MgL.jpg;https://m.media-amazon.com/images/I/61l-SRdgFnL.jpg,10.9688,-5.119737,4.6498666,-2.9470708,4.6188493,-7.997039,0.9836839,4.3119845,0.041204043,7.3463926
B07L5QNJW3,Colgate,1,1,1,https://m.media-amazon.com/images/I/81ZGmc2EvHL.jpg;https://m.media-amazon.com/images/I/81M7eEwJTaL.jpg;https://m.media-amazon.com/images/I/71JbqsEoZLL.jpg;https://m.media-amazon.com/images/I/31WAyV+L09L.jpg;https://m.media-amazon.com/images/I/71wXwDxfVWL.jpg;https://m.media-amazon.com/images/I/719z+-phblL.jpg;https://m.media-amazon.com/images/I/71E4N6u8qzL.jpg;https://m.media-amazon.com/images/I/71Tp0RhdzEL.jpg;https://m.media-amazon.com/images/I/71sqy8Gw9ML.jpg;https://m.media-amazon.com/images/I/51jzhSUBx8L.jpg;https://m.media-amazon.com/images/I/415Ho+6HyRL.jpg;https://m.media-amazon.com/images/I/51ankeLdQtL.jpg,12.373163,-8.286399,3.551802,-2.5411477,4.7023225,-10.282896,0.99393934,0.71765995,0.8883028,0.255337
B07L61QFSR,Other,1,1,1,https://m.media-amazon.com/images/I/619PfVGVfwL.jpg;https://m.media-amazon.com/images/I/41CIhaJEIjL.jpg;https://m.media-amazon.com/images/I/41dZpdReZ2L.jpg;https://m.media-amazon.com/images/I/617OdWdAZsL.jpg;https://m.media-amazon.com/images/I/61+et66wedL.jpg;https://m.media-amazon.com/images/I/41fy-u5ZR5L.jpg;https://m.media-amazon.com/images/I/51wSaMdPqDL.jpg;https://m.media-amazon.com/images/I/51CyO2uFN6L.jpg;https://m.media-amazon.com/images/I/51OScvvY3sL.jpg,-7.04667,12.704967,-2.1281397,-4.881029,4.9738016,-1.1891104,6.844788,8.854445,0.090396926,4.451909
B07L625K8T,Crest,2,1,1,https://m.media-amazon.com/images/I/614IQ8dkGUL.jpg;https://m.media-amazon.com/images/I/719p7ZjEyCL.jpg,5.7736,-3.4595132,-5.24987,-8.6364355,-5.91341,6.113423,-0.716291,-3.8046298,-1.0172025,-6.1831293
B07MGC24KH,Crest,1,1,1,https://m.media-amazon.com/images/I/61BqIaaNJ4L.jpg;https://m.media-amazon.com/images/I/61si2PgYQuL.jpg;https://m.media-amazon.com/images/I/61v52f3v8zL.jpg;https://m.media-amazon.com/images/I/61lgPCokT-L.jpg;https://m.media-amazon.com/images/I/61XQMOeuQkL.jpg;https://m.media-amazon.com/images/I/6128vrrnc-L.jpg;https://m.media-amazon.com/images/I/61iazyZ+l-L.jpg;https://m.media-amazon.com/images/I/51zwWQSdebL.jpg;https://m.media-amazon.com/images/I/51ljWOG6UAL.jpg;https://m.media-amazon.com/images/I/51az-xYs9hL.jpg,8.840757,-9.670773,-0.5052018,-8.441476,-5.6089315,4.608356,1.4368691,0.8581812,-1.3011782,0.4736696
B07MH9C7L8,Crest,2,1,1,https://m.media-amazon.com/images/I/716HyOemywL.jpg;https://m.media-amazon.com/images/I/81EnJfYFowL.jpg;https://m.media-amazon.com/images/I/81U0LzSItXL.jpg;https://m.media-amazon.com/images/I/816L6P-8VPL.jpg;https://m.media-amazon.com/images/I/81+BU9qONoL.jpg;https://m.media-amazon.com/images/I/81ip3OX3-JL.jpg;https://m.media-amazon.com/images/I/81+fl2-3i-L.jpg,4.0181684,5.028715,-1.0690298,-8.209672,-1.2681141,2.4690127,0.3639836,12.176252,-5.944042,4.4292703
B07MHF9BXW,Other,1,0,1,,,-2.2021468,,-1.7181089,,2.2625315,,1.551061,,3.7975292
B07MZ7M2VF,Parodontax,1,1,1,https://m.media-amazon.com/images/I/71wwVTU7dDL.jpg;https://m.media-amazon.com/images/I/81BvGpCQPBL.jpg;https://m.media-amazon.com/images/I/81NDvjIj3JL.jpg;https://m.media-amazon.com/images/I/81LdqREdoSL.jpg;https://m.media-amazon.com/images/I/71QLrx0-N7L.jpg;https://m.media-amazon.com/images/I/813q78vdPuL.jpg;https://m.media-amazon.com/images/I/71-hp32ZKLL.jpg;https://m.media-amazon.com/images/I/71YY4kT4pRL.jpg;https://m.media-amazon.com/images/I/81JI+2r8bSL.jpg;https://m.media-amazon.com/images/I/41HvYhv4Z3L.jpg;https://m.media-amazon.com/images/I/413ZIy1olIL.jpg,-7.8141346,5.404484,7.7060556,3.965485,-2.3051689,4.17643,-6.29387,-5.4008365,-0.6365042,-2.027001
B07NX7Q9NB,Crest,1,1,1,https://m.media-amazon.com/images/I/81mJmRq6+VL.jpg;https://m.media-amazon.com/images/I/A1wReMvhtqL.jpg;https://m.media-amazon.com/images/I/71IsiCz-JPL.jpg;https://m.media-amazon.com/images/I/81ieWqtHQdL.jpg;https://m.media-amazon.com/images/I/81iZsyjCTxL.jpg;https://m.media-amazon.com/images/I/81mMGLsWOdL.jpg;https://m.media-amazon.com/images/I/81ajbsJyTxL.jpg,7.7381644,-2.425875,-0.9630736,-6.653404,-10.412334,6.319948,-5.9421287,7.2353363,-6.722178,-4.6011133
B07P6LR9ZD,Tom's of Maine,1,1,1,https://m.media-amazon.com/images/I/81r1zeAqkDL.jpg;https://m.media-amazon.com/images/I/51QXp8Kuq+L.jpg;https://m.media-amazon.com/images/I/51jTWHgFOQL.jpg;https://m.media-amazon.com/images/I/71560UzeUML.jpg;https://m.media-amazon.com/images/I/81Y-7ATbH4L.jpg;https://m.media-amazon.com/images/I/810JZlO+EcL.jpg;https://m.media-amazon.com/images/I/81NC-LQIItL.jpg;https://m.media-amazon.com/images/I/81d63bOpYiL.jpg;https://m.media-amazon.com/images/I/81P2bGfS+eL.jpg;https://m.media-amazon.com/images/I/71cmTGjApsL.jpg;https://m.media-amazon.com/images/I/71FbsaFe3HL.jpg,-0.30294257,11.79129,-18.751959,0.514922,10.368357,-4.3961873,-11.080674,3.2753437,3.285144,-11.671225
B07P6LRG3X,Tom's of Maine,1,1,1,https://m.media-amazon.com/images/I/81kQLjybPxL.jpg;https://m.media-amazon.com/images/I/512eBX0GGbL.jpg;https://m.media-amazon.com/images/I/51Ic6hFWnrL.jpg;https://m.media-amazon.com/images/I/71ocn7eWSkL.jpg;https://m.media-amazon.com/images/I/81Y-7ATbH4L.jpg;https://m.media-amazon.com/images/I/810JZlO+EcL.jpg;https://m.media-amazon.com/images/I/81SO6uX4jML.jpg;https://m.media-amazon.com/images/I/812OQ-AeRYL.jpg;https://m.media-amazon.com/images/I/71uyO0OnG6L.jpg;https://m.media-amazon.com/images/I/7196mmTwXeL.jpg,0.96075386,10.542681,-10.336765,0.8978797,10.122061,-5.2965064,-8.354324,2.6657662,1.2337224,-11.577113
B07P7QRCWB,Tom's of Maine,2,1,1,https://m.media-amazon.com/images/I/816i4gj7o9L.jpg;https://m.media-amazon.com/images/I/51z45zT5XxL.jpg;https://m.media-amazon.com/images/I/71ppI0m8SKL.jpg;https://m.media-amazon.com/images/I/81Y-7ATbH4L.jpg;https://m.media-amazon.com/images/I/819Frt2tXjL.jpg;https://m.media-amazon.com/images/I/81NC-LQIItL.jpg;https://m.media-amazon.com/images/I/81Ptm1D1iZL.jpg;https://m.media-amazon.com/images/I/811GDS1TbyL.jpg;https://m.media-amazon.com/images/I/81s8a5l-jnL.jpg;https://m.media-amazon.com/images/I/719fftIgXML.jpg,-0.9854607,9.618764,-16.80387,0.8427291,10.702381,-5.160606,-9.673433,2.2996647,3.1272366,-12.151431
B07PQYJBM3,Other,1,1,1,https://m.media-amazon.com/images/I/61kw-l1NYXL.jpg;https://m.media-amazon.com/images/I/81pqXXsOK-L.jpg;https://m.media-amazon.com/images/I/81tzHJS03mL.jpg;https://m.media-amazon.com/images/I/81XX1tmTx6L.jpg;https://m.media-amazon.com/images/I/81CqiCQsR+L.jpg;https://m.media-amazon.com/images/I/81R1m6G1hTL.jpg;https://m.media-amazon.com/images/I/81uexj0a1LL.jpg;https://m.media-amazon.com/images/I/71HAYM2xveL.jpg,-7.312717,-0.1026944,-3.9393046,2.7009673,-6.498131,7.7792373,4.7692633,-4.54077,-1.6264961,6.186764
B07QQVJ629,Crest,1,0,1,,,-3.683269,,-4.9992385,,7.8353333,,9.119125,,-2.5196302
B07R6T4RPG,Crest,1,1,1,https://m.media-amazon.com/images/I/612d3r3YKFL.jpg;https://m.media-amazon.com/images/I/61YaMTT4TrL.jpg;https://m.media-amazon.com/images/I/51RoRsjsalL.jpg;https://m.media-amazon.com/images/I/61GBgfZXruL.jpg;https://m.media-amazon.com/images/I/61kqlx1S-mL.jpg;https://m.media-amazon.com/images/I/51GgrDTO8gL.jpg;https://m.media-amazon.com/images/I/61Z2p+RPfgL.jpg;https://m.media-amazon.com/images/I/61mknhuq7kL.jpg,11.552561,-7.874684,-6.971846,-10.245182,-11.973587,6.6516447,-0.17073172,-2.8769562,1.7064581,-3.3696947
B07RD76M8V,Crest,1,1,1,https://m.media-amazon.com/images/I/81FTuTu-2YL.jpg;https://m.media-amazon.com/images/I/91VwR1DhvxL.jpg;https://m.media-amazon.com/images/I/713q4VfDSCL.jpg;https://m.media-amazon.com/images/I/81emSBQ6bpL.jpg;https://m.media-amazon.com/images/I/81QN5hPjshL.jpg;https://m.media-amazon.com/images/I/71aQ+UHS0QL.jpg,11.445319,-6.675004,-7.0414567,-9.51091,-10.117296,5.422729,0.6740574,0.9816029,0.0067522204,-5.607897
B07RLL3KBF,Crest,1,1,1,https://m.media-amazon.com/images/I/81GfWH-hgsL.jpg;https://m.media-amazon.com/images/I/91SbKPgrO2L.jpg;https://m.media-amazon.com/images/I/71MuLlHArGL.jpg;https://m.media-amazon.com/images/I/71ruf6qd7WL.jpg;https://m.media-amazon.com/images/I/81emSBQ6bpL.jpg;https://m.media-amazon.com/images/I/81QN5hPjshL.jpg,11.359324,-7.8286614,-6.7454357,-8.7082405,-9.607862,6.934296,1.0352405,-0.6005491,-0.34060356,-2.0555959
B07RXKQLBT,Parodontax,3,1,1,https://m.media-amazon.com/images/I/81wauP1UkkL.jpg;https://m.media-amazon.com/images/I/81BvGpCQPBL.jpg;https://m.media-amazon.com/images/I/81NDvjIj3JL.jpg;https://m.media-amazon.com/images/I/81LdqREdoSL.jpg;https://m.media-amazon.com/images/I/71QLrx0-N7L.jpg;https://m.media-amazon.com/images/I/813q78vdPuL.jpg;https://m.media-amazon.com/images/I/71-hp32ZKLL.jpg;https://m.media-amazon.com/images/I/71YY4kT4pRL.jpg;https://m.media-amazon.com/images/I/81JI+2r8bSL.jpg;https://m.media-amazon.com/images/I/41HvYhv4Z3L.jpg;https://m.media-amazon.com/images/I/413ZIy1olIL.jpg,-5.273858,1.9392071,7.0016894,1.1305472,-0.96499276,1.4289651,-5.816215,-0.2574633,-1.0446953,-2.878001
B07SG3Y66Y,SENSODYNE PRONAMEL,1,1,1,https://m.media-amazon.com/images/I/81q0TRY5WLL.jpg;https://m.media-amazon.com/images/I/81aWqXP9QkL.jpg;https://m.media-amazon.com/images/I/810gYELMtmL.jpg;https://m.media-amazon.com/images/I/81s-eHOaqlL.jpg;https://m.media-amazon.com/images/I/811GE5TyBsL.jpg;https://m.media-amazon.com/images/I/71O6cSM3ZSL.jpg;https://m.media-amazon.com/images/I/812IXbycEeL.jpg;https://m.media-amazon.com/images/I/81icBx07VSL.jpg;https://m.media-amazon.com/images/I/81XZlGydiPL.jpg;https://m.media-amazon.com/images/I/41+yATGi+2L.jpg;https://m.media-amazon.com/images/I/61I61BtxGKL.jpg,-3.0775898,-2.868375,7.395041,17.487684,-2.3223317,5.019205,-8.930041,5.524317,-5.7733116,-0.8712688
B07T9CHV4S,Orajel,3,1,1,https://m.media-amazon.com/images/I/71jpIfFxnKL.jpg;https://m.media-amazon.com/images/I/81sES6C9qoL.jpg;https://m.media-amazon.com/images/I/717MdM6GoZL.jpg;https://m.media-amazon.com/images/I/71aGEFlmgKL.jpg;https://m.media-amazon.com/images/I/71SoqaLW3WL.jpg;https://m.media-amazon.com/images/I/71GXlfdiO3L.jpg,-5.3434896,10.152397,2.2818933,-3.4774115,3.8481903,-1.8407189,4.0482554,2.9686372,-6.6927485,6.6560416
B07XG6B99S,Crest,1,1,1,https://m.media-amazon.com/images/I/71YePd8t7fL.jpg;https://m.media-amazon.com/images/I/61aUn4lQQnL.jpg;https://m.media-amazon.com/images/I/510-7R3CBpL.jpg;https://m.media-amazon.com/images/I/71qfPapwxiL.jpg;https://m.media-amazon.com/images/I/71XfKXBFx-L.jpg;https://m.media-amazon.com/images/I/615NGBrXJIL.jpg;https://m.media-amazon.com/images/I/715Bomz5i8L.jpg,12.411603,-1.7118297,-6.4384146,-7.6575055,-11.718688,3.1330712,-1.5905174,0.55118424,-1.8413807,-4.1685
B07XRY29X5,Crest,1,0,1,,,-1.9041337,,-8.599059,,8.159673,,6.004358,,-0.32753235
B07YXDVT9W,Sensodyne,1,1,1,https://m.media-amazon.com/images/I/81aaA7IaC8L.jpg;https://m.media-amazon.com/images/I/71bCTFjSfbL.jpg;https://m.media-amazon.com/images/I/71zm1wVHc3L.jpg;https://m.media-amazon.com/images/I/81HChOLhWSL.jpg;https://m.media-amazon.com/images/I/81fcyqdlF4L.jpg;https://m.media-amazon.com/images/I/81m2z876ZsL.jpg;https://m.media-amazon.com/images/I/71xDOiV4ZIL.jpg;https://m.media-amazon.com/images/I/91zNm+X+O8L.jpg;https://m.media-amazon.com/images/I/71KWRYQQMBL.jpg;https://m.media-amazon.com/images/I/514F9jRIAXL.jpg;https://m.media-amazon.com/images/I/41EODEbnc+L.jpg;https://m.media-amazon.com/images/I/41xcw+ABp4L.jpg;https://m.media-amazon.com/images/I/51cyShbD8PL.jpg;https://m.media-amazon.com/images/I/51fXfXBOG1L.jpg,-7.3476987,-6.65725,7.162542,12.101343,-0.1973401,2.8737466,-2.4290237,3.2250645,13.012226,-5.3012743
B07ZK1573S,Crest,1,1,1,https://m.media-amazon.com/images/I/81Hfu8PeiPL.jpg;https://m.media-amazon.com/images/I/91AiMaWWXhL.jpg;https://m.media-amazon.com/images/I/81XNuYcrZKL.jpg;https://m.media-amazon.com/images/I/81OxlBE1eKL.jpg;https://m.media-amazon.com/images/I/81jE2ryTOcL.jpg;https://m.media-amazon.com/images/I/71lzUBMUZhL.jpg;https://m.media-amazon.com/images/I/810bpO8igYL.jpg,7.116545,5.025674,-4.6674566,-7.607316,-4.446719,3.0345092,0.3612948,9.048182,-3.5098362,3.4931524
B0823YDCWF,Colgate,1,1,1,https://m.media-amazon.com/images/I/91ANDkYFVML.jpg;https://m.media-amazon.com/images/I/71NrsDMeeiL.jpg;https://m.media-amazon.com/images/I/71nZKxq7BfL.jpg;https://m.media-amazon.com/images/I/918k34EaGCL.jpg;https://m.media-amazon.com/images/I/91Ao7qZyYNL.jpg;https://m.media-amazon.com/images/I/71z9tBSY3YL.jpg;https://m.media-amazon.com/images/I/917uBTzPgDL.jpg;https://m.media-amazon.com/images/I/91IchjMLQvL.jpg;https://m.media-amazon.com/images/I/512xUA9JHAS.jpg,8.678781,-11.6025715,1.1490722,-1.8942813,0.26371938,-8.38645,4.679912,-3.8512495,3.3651886,4.563989
B082F1LVBR,Colgate,1,1,1,https://m.media-amazon.com/images/I/81FyMORqnjL.jpg;https://m.media-amazon.com/images/I/711Errp4IZL.jpg;https://m.media-amazon.com/images/I/71ENdYZO6pL.jpg;https://m.media-amazon.com/images/I/71tF8K18cmL.jpg;https://m.media-amazon.com/images/I/61JSy4ifYoL.jpg;https://m.media-amazon.com/images/I/61cBrn8npRL.jpg;https://m.media-amazon.com/images/I/71GS-SsjNPL.jpg;https://m.media-amazon.com/images/I/81ioVIAkHUL.jpg;https://m.media-amazon.com/images/I/811oUrRR64L.jpg,11.75742,-10.466318,-3.06934,-1.3602455,-2.9345195,-7.979907,3.528228,-2.095357,3.784838,3.241906
B082F1MGLZ,Colgate,2,1,1,https://m.media-amazon.com/images/I/71HJ+iVmNlL.jpg;https://m.media-amazon.com/images/I/71LhMHg4FuL.jpg;https://m.media-amazon.com/images/I/81tGuSgPcEL.jpg;https://m.media-amazon.com/images/I/71ObtfFBKPL.jpg;https://m.media-amazon.com/images/I/913WcKFvIxL.jpg;https://m.media-amazon.com/images/I/91l8aWINqML.jpg;https://m.media-amazon.com/images/I/71+8thxEUNL.jpg;https://m.media-amazon.com/images/I/71CdUBV1xYL.jpg;https://m.media-amazon.com/images/I/615RyNI85BL.jpg;https://m.media-amazon.com/images/I/41HgEwgNCzL.jpg,10.992019,-9.387883,5.0739017,-0.9439275,3.6085887,-8.903145,5.0956335,-7.2466764,2.7902842,0.46402574
B082F1Q1T9,Colgate,1,1,1,https://m.media-amazon.com/images/I/71n4qtEjR+L.jpg;https://m.media-amazon.com/images/I/41+tsI5uP7L.jpg;https://m.media-amazon.com/images/I/71LhMHg4FuL.jpg;https://m.media-amazon.com/images/I/81tGuSgPcEL.jpg;https://m.media-amazon.com/images/I/71ObtfFBKPL.jpg;https://m.media-amazon.com/images/I/913WcKFvIxL.jpg;https://m.media-amazon.com/images/I/91l8aWINqML.jpg;https://m.media-amazon.com/images/I/61g-hA0TGgL.jpg;https://m.media-amazon.com/images/I/8141cG5AEeL.jpg;https://m.media-amazon.com/images/I/81LRc1jknWL.jpg;https://m.media-amazon.com/images/I/51RmR4SMeXL.jpg,10.691802,-9.184353,1.6895691,-1.4699553,2.6949246,-8.822011,7.13591,-5.7151713,1.6955242,2.4541082
B082F1QH7S,Colgate,2,1,1,https://m.media-amazon.com/images/I/71Zgnsx28nL.jpg;https://m.media-amazon.com/images/I/71LhMHg4FuL.jpg;https://m.media-amazon.com/images/I/81tGuSgPcEL.jpg;https://m.media-amazon.com/images/I/71ObtfFBKPL.jpg;https://m.media-amazon.com/images/I/913WcKFvIxL.jpg;https://m.media-amazon.com/images/I/91l8aWINqML.jpg;https://m.media-amazon.com/images/I/61g-hA0TGgL.jpg;https://m.media-amazon.com/images/I/8141cG5AEeL.jpg;https://m.media-amazon.com/images/I/81p68ZlscnL.jpg;https://m.media-amazon.com/images/I/51Xus7R0XaL.jpg;https://m.media-amazon.com/images/I/41DTCXAlblL.jpg;https://m.media-amazon.com/images/I/41ykEmkp38L.jpg,10.539691,-9.397815,1.8918102,-1.0393114,2.8233006,-9.118106,7.1626287,-7.0380864,1.6565837,0.8205618
B082VK8TQ1,Tom's of Maine,1,1,1,https://m.media-amazon.com/images/I/81GtM4wwI4L.jpg;https://m.media-amazon.com/images/I/81wqn2MedNL.jpg;https://m.media-amazon.com/images/I/811iQRXVnrL.jpg;https://m.media-amazon.com/images/I/81qnuYA1vuL.jpg;https://m.media-amazon.com/images/I/81Hq1bHqiKL.jpg;https://m.media-amazon.com/images/I/91L-OkCgQAL.jpg;https://m.media-amazon.com/images/I/81KjAReHtsL.jpg;https://m.media-amazon.com/images/I/71ADyS-v4tL.jpg,-5.8374977,16.511835,-8.923375,-0.33036807,10.862414,-2.8754437,-6.2253566,5.5904827,-3.7163277,-7.415909
B082VL6SH9,Tom's of Maine,1,1,1,https://m.media-amazon.com/images/I/81YEhlN7vHL.jpg;https://m.media-amazon.com/images/I/81gBvltb2dL.jpg;https://m.media-amazon.com/images/I/81NERzhxrHL.jpg;https://m.media-amazon.com/images/I/81qnuYA1vuL.jpg;https://m.media-amazon.com/images/I/81Hq1bHqiKL.jpg;https://m.media-amazon.com/images/I/91L-OkCgQAL.jpg;https://m.media-amazon.com/images/I/8186q+Q778L.jpg;https://m.media-amazon.com/images/I/71U4uO5LtoL.jpg;https://m.media-amazon.com/images/I/61v4yzYdmAL.jpg,-5.649517,16.596428,-7.326084,-0.19815268,11.530488,-2.8322659,-5.5130076,4.95611,-3.3273315,-5.856193
B083JHCCV2,Other,1,1,1,https://m.media-amazon.com/images/I/61nI13RYQAL.jpg;https://m.media-amazon.com/images/I/81i-j6vTjwL.jpg;https://m.media-amazon.com/images/I/91iGD05kqcL.jpg;https://m.media-amazon.com/images/I/81lRyDrWAFL.jpg;https://m.media-amazon.com/images/I/81o-CLMcUUL.jpg,-11.07489,6.8721395,1.633902,1.6262139,-0.044988867,0.15822026,3.6986537,-4.1813297,-0.039037544,-3.560438
B083ZNZPGK,Other,1,1,1,https://m.media-amazon.com/images/I/61YkuFpRV+L.jpg;https://m.media-amazon.com/images/I/41x3pxydD-L.jpg;https://m.media-amazon.com/images/I/811oxctEGHL.jpg;https://m.media-amazon.com/images/I/51OyyLNC0yL.jpg;https://m.media-amazon.com/images/I/71NWjzYqjrL.jpg;https://m.media-amazon.com/images/I/61pdxy5T-ML.jpg;https://m.media-amazon.com/images/I/61PvEhE7pyL.jpg,-9.91653,5.7123036,0.7863541,-0.7312683,-1.5538374,3.6320488,3.645989,-5.834836,0.435328,-5.727631
B084ZJ6541,Sensodyne,1,1,1,https://m.media-amazon.com/images/I/81+G0zMrQQL.jpg;https://m.media-amazon.com/images/I/71rZoAsfz0L.jpg;https://m.media-amazon.com/images/I/81d3UgHEOXL.jpg;https://m.media-amazon.com/images/I/71CdXrjMAtL.jpg;https://m.media-amazon.com/images/I/81zZnp3W+HL.jpg;https://m.media-amazon.com/images/I/81u1Aplm6GL.jpg;https://m.media-amazon.com/images/I/71F4TVb9OZL.jpg;https://m.media-amazon.com/images/I/81Xelg0ywRL.jpg;https://m.media-amazon.com/images/I/71j-1W0YdSL.jpg;https://m.media-amazon.com/images/I/31+BdiKrc2L.jpg;https://m.media-amazon.com/images/I/3173GWyvBiL.jpg;https://m.media-amazon.com/images/I/51kL6l8rmTL.jpg,-7.2049146,-7.3955016,5.4678397,11.831242,-1.0824876,4.215238,-2.778113,3.5750043,12.198908,-6.3634305
B086Y299CH,Parodontax,1,1,1,https://m.media-amazon.com/images/I/71yqJuaolwL.jpg;https://m.media-amazon.com/images/I/61kLZyWfifL.jpg;https://m.media-amazon.com/images/I/513Zm-g-4wL.jpg;https://m.media-amazon.com/images/I/61axylDS7vL.jpg;https://m.media-amazon.com/images/I/61lFqZbpp6L.jpg;https://m.media-amazon.com/images/I/717poo9dJzL.jpg;https://m.media-amazon.com/images/I/61zLGMRaP3L.jpg;https://m.media-amazon.com/images/I/81gTQKfqNRL.jpg;https://m.media-amazon.com/images/I/71ME0CmnoaL.jpg;https://m.media-amazon.com/images/I/41ErstkQP4L.jpg;https://m.media-amazon.com/images/I/51+r36JakSL.jpg;https://m.media-amazon.com/images/I/31MXGzLa7YL.jpg,-8.831841,1.3204579,7.5655665,3.548613,-2.550105,5.256677,-6.2919154,-10.19236,-0.29851776,-0.9863851
B08CYCJFVQ,Other,1,1,1,https://m.media-amazon.com/images/I/61TVuDcsdnL.jpg;https://m.media-amazon.com/images/I/711VfXG2HQL.jpg;https://m.media-amazon.com/images/I/81icExTY8qL.jpg;https://m.media-amazon.com/images/I/61M9VVZF7BL.jpg;https://m.media-amazon.com/images/I/71QIK-F5KmL.jpg;https://m.media-amazon.com/images/I/71zcbwKshtL.jpg;https://m.media-amazon.com/images/I/71pjZyiR3+L.jpg;https://m.media-amazon.com/images/I/81uYToD0YtL.jpg,-11.044064,8.699014,0.7889998,0.9522176,0.38244048,-0.010473981,3.6940532,-4.017409,-0.08621402,-1.8930072
B08L8R52HZ,Colgate,1,1,1,https://m.media-amazon.com/images/I/713IowAhGDL.jpg;https://m.media-amazon.com/images/I/71vYaTYveEL.jpg;https://m.media-amazon.com/images/I/71JbqsEoZLL.jpg;https://m.media-amazon.com/images/I/71wXwDxfVWL.jpg;https://m.media-amazon.com/images/I/719z+-phblL.jpg;https://m.media-amazon.com/images/I/71E4N6u8qzL.jpg;https://m.media-amazon.com/images/I/71htnb62QLL.jpg;https://m.media-amazon.com/images/I/71xL4kCsXvL.jpg;https://m.media-amazon.com/images/I/61ZZhGvdjjL.jpg;https://m.media-amazon.com/images/I/415Ho+6HyRL.jpg;https://m.media-amazon.com/images/I/51ankeLdQtL.jpg,11.6135845,-5.131488,2.568281,0.68548006,4.1257167,-7.6358376,1.7735351,-9.525033,-0.32083622,2.1873748
B08MMD7T1Q,Crest,1,1,1,https://m.media-amazon.com/images/I/71IcREyewTL.jpg;https://m.media-amazon.com/images/I/61403vkdYXL.jpg;https://m.media-amazon.com/images/I/61IWzAyRPTL.jpg;https://m.media-amazon.com/images/I/610BXRkdM1L.jpg;https://m.media-amazon.com/images/I/61CoIXw5UIL.jpg;https://m.media-amazon.com/images/I/711EdNy5G+L.jpg,3.2856245,-3.1143994,0.19479908,-8.372376,-5.3264985,7.9308352,-6.919023,6.6188264,3.96295,-1.0351275
B08MMFMSZW,Crest,1,1,1,https://m.media-amazon.com/images/I/61H0zfnxtCL.jpg;https://m.media-amazon.com/images/I/51-Jc-L0x5L.jpg;https://m.media-amazon.com/images/I/61r+k4rikdL.jpg;https://m.media-amazon.com/images/I/81VbYxX5BTL.jpg;https://m.media-amazon.com/images/I/81kexBJD4ML.jpg;https://m.media-amazon.com/images/I/81zPCqpO1yL.jpg;https://m.media-amazon.com/images/I/81vi8R+N6JL.jpg;https://m.media-amazon.com/images/I/71IN5VIi3OL.jpg;https://m.media-amazon.com/images/I/71bYLFL+TFL.jpg;https://m.media-amazon.com/images/I/21bwRRVHARL.jpg;https://m.media-amazon.com/images/I/41uTX+fugpL.jpg;https://m.media-amazon.com/images/I/41u8vJ3qzkL.jpg;https://m.media-amazon.com/images/I/412mP7-B-6L.jpg,11.328274,-5.7077427,-1.9751227,-8.716525,-10.493276,2.9329364,-1.7688946,2.6131241,0.4379862,-3.2589297
B09F8FZ18G,Crest,2,1,1,https://m.media-amazon.com/images/I/618IhmL94uL.jpg;https://m.media-amazon.com/images/I/61qBYt8+tPL.jpg;https://m.media-amazon.com/images/I/61HFYArJ9vL.jpg;https://m.media-amazon.com/images/I/61Ogn+tkArL.jpg;https://m.media-amazon.com/images/I/61HuRXQinVL.jpg;https://m.media-amazon.com/images/I/61Ilz+jS+yL.jpg;https://m.media-amazon.com/images/I/61uSIGgCMzL.jpg;https://m.media-amazon.com/images/I/61Mfv3US5mL.jpg;https://m.media-amazon.com/images/I/61OthHXQw+L.jpg;https://m.media-amazon.com/images/I/31WHrAltrBL.jpg;https://m.media-amazon.com/images/I/31ZL8hVRB2L.jpg,2.645297,-10.24903,-1.4544184,-10.081458,-10.11652,5.2589583,3.1929893,-1.3977817,3.1875484,-5.579841
B09JHSVM58,Other,1,1,1,https://m.media-amazon.com/images/I/61jE8QBedhL.jpg;https://m.media-amazon.com/images/I/618f+DNWTIL.jpg;https://m.media-amazon.com/images/I/61q1f6Ce-rL.jpg;https://m.media-amazon.com/images/I/616iowbp+WL.jpg;https://m.media-amazon.com/images/I/71mcrOoDBYL.jpg;https://m.media-amazon.com/images/I/71BWQhZR3wL.jpg;https://m.media-amazon.com/images/I/71J51y+pjVL.jpg;https://m.media-amazon.com/images/I/71QlOP3vtEL.jpg,-9.593389,5.2814302,1.6799182,2.0440145,-2.704208,4.61286,3.2455873,-4.991856,-0.2593832,-3.4429877
B09R6R82GQ,Colgate,1,1,1,https://m.media-amazon.com/images/I/81-OZgrS1JL.jpg;https://m.media-amazon.com/images/I/81c1Hhh0DUL.jpg;https://m.media-amazon.com/images/I/71YhbhJUkmL.jpg;https://m.media-amazon.com/images/I/81l2uaht2WL.jpg;https://m.media-amazon.com/images/I/81445OfyHUL.jpg;https://m.media-amazon.com/images/I/81pF9vv2P0L.jpg;https://m.media-amazon.com/images/I/81OvkMEhqtL.jpg;https://m.media-amazon.com/images/I/51vIpMdH4UL.jpg;https://m.media-amazon.com/images/I/517uVz04hhL.jpg;https://m.media-amazon.com/images/I/41v2H6D6oNL.jpg,10.767212,-7.1934586,6.7779155,1.2932799,5.858349,-10.431824,2.7327294,-0.6007364,-3.6287344,0.97572577
B09R6RLK4D,Colgate,1,1,1,https://m.media-amazon.com/images/I/81gHHzHfxgL.jpg;https://m.media-amazon.com/images/I/81ItislLFLL.jpg;https://m.media-amazon.com/images/I/71ayuejUdJL.jpg;https://m.media-amazon.com/images/I/81l2uaht2WL.jpg;https://m.media-amazon.com/images/I/81445OfyHUL.jpg;https://m.media-amazon.com/images/I/81fg8LYh+aL.jpg;https://m.media-amazon.com/images/I/81LSNaVV0xL.jpg;https://m.media-amazon.com/images/I/51V5tuDSdPL.jpg;https://m.media-amazon.com/images/I/51lQ9yCD1nL.jpg;https://m.media-amazon.com/images/I/41rFy70bOWL.jpg,10.171079,-6.606023,6.770659,0.6334163,4.7617583,-11.199126,2.442051,-0.37268123,-3.5251904,1.3421748
